,sequence,pep_smiles,sol_smi,yield_pred,ee_pred
0,PPPP,O=C(O)[C@@H]1CCCN1C(=O)[C@@H]1CCCN1C(=O)[C@@H]1CCCN1C(=O)[C@@H]1CCCN1,C(CCl)Cl,2,1
1,PPPG,O=C(O)CNC(=O)[C@@H]1CCCN1C(=O)[C@@H]1CCCN1C(=O)[C@@H]1CCCN1,C(CCl)Cl,2,1
2,PPPV,CC(C)[C@H](NC(=O)[C@@H]1CCCN1C(=O)[C@@H]1CCCN1C(=O)[C@@H]1CCCN1)C(=O)O,C(CCl)Cl,2,1
3,PPPA,C[C@H](NC(=O)[C@@H]1CCCN1C(=O)[C@@H]1CCCN1C(=O)[C@@H]1CCCN1)C(=O)O,C(CCl)Cl,2,1
4,PPPL,CC(C)C[C@H](NC(=O)[C@@H]1CCCN1C(=O)[C@@H]1CCCN1C(=O)[C@@H]1CCCN1)C(=O)O,C(CCl)Cl,1,1
5,PPGP,O=C(O)[C@@H]1CCCN1C(=O)CNC(=O)[C@@H]1CCCN1C(=O)[C@@H]1CCCN1,C(CCl)Cl,2,1
6,PPGG,O=C(O)CNC(=O)CNC(=O)[C@@H]1CCCN1C(=O)[C@@H]1CCCN1,C(CCl)Cl,2,1
7,PPGV,CC(C)[C@H](NC(=O)CNC(=O)[C@@H]1CCCN1C(=O)[C@@H]1CCCN1)C(=O)O,C(CCl)Cl,2,1
8,PPGA,C[C@H](NC(=O)CNC(=O)[C@@H]1CCCN1C(=O)[C@@H]1CCCN1)C(=O)O,C(CCl)Cl,2,1
9,PPGL,CC(C)C[C@H](NC(=O)CNC(=O)[C@@H]1CCCN1C(=O)[C@@H]1CCCN1)C(=O)O,C(CCl)Cl,2,1
10,PPVP,CC(C)[C@H](NC(=O)[C@@H]1CCCN1C(=O)[C@@H]1CCCN1)C(=O)N1CCC[C@H]1C(=O)O,C(CCl)Cl,2,1
11,PPVG,CC(C)[C@H](NC(=O)[C@@H]1CCCN1C(=O)[C@@H]1CCCN1)C(=O)NCC(=O)O,C(CCl)Cl,2,1
12,PPVV,CC(C)[C@H](NC(=O)[C@@H](NC(=O)[C@@H]1CCCN1C(=O)[C@@H]1CCCN1)C(C)C)C(=O)O,C(CCl)Cl,2,1
13,PPVA,CC(C)[C@H](NC(=O)[C@@H]1CCCN1C(=O)[C@@H]1CCCN1)C(=O)N[C@@H](C)C(=O)O,C(CCl)Cl,2,1
14,PPVL,CC(C)C[C@H](NC(=O)[C@@H](NC(=O)[C@@H]1CCCN1C(=O)[C@@H]1CCCN1)C(C)C)C(=O)O,C(CCl)Cl,1,1
15,PPAP,C[C@H](NC(=O)[C@@H]1CCCN1C(=O)[C@@H]1CCCN1)C(=O)N1CCC[C@H]1C(=O)O,C(CCl)Cl,2,1
16,PPAG,C[C@H](NC(=O)[C@@H]1CCCN1C(=O)[C@@H]1CCCN1)C(=O)NCC(=O)O,C(CCl)Cl,2,1
17,PPAV,CC(C)[C@H](NC(=O)[C@H](C)NC(=O)[C@@H]1CCCN1C(=O)[C@@H]1CCCN1)C(=O)O,C(CCl)Cl,1,1
18,PPAA,C[C@H](NC(=O)[C@H](C)NC(=O)[C@@H]1CCCN1C(=O)[C@@H]1CCCN1)C(=O)O,C(CCl)Cl,2,1
19,PPAL,CC(C)C[C@H](NC(=O)[C@H](C)NC(=O)[C@@H]1CCCN1C(=O)[C@@H]1CCCN1)C(=O)O,C(CCl)Cl,0,1
20,PPLP,CC(C)C[C@H](NC(=O)[C@@H]1CCCN1C(=O)[C@@H]1CCCN1)C(=O)N1CCC[C@H]1C(=O)O,C(CCl)Cl,2,1
21,PPLG,CC(C)C[C@H](NC(=O)[C@@H]1CCCN1C(=O)[C@@H]1CCCN1)C(=O)NCC(=O)O,C(CCl)Cl,2,1
22,PPLV,CC(C)C[C@H](NC(=O)[C@@H]1CCCN1C(=O)[C@@H]1CCCN1)C(=O)N[C@H](C(=O)O)C(C)C,C(CCl)Cl,1,0
23,PPLA,CC(C)C[C@H](NC(=O)[C@@H]1CCCN1C(=O)[C@@H]1CCCN1)C(=O)N[C@@H](C)C(=O)O,C(CCl)Cl,2,1
24,PPLL,CC(C)C[C@H](NC(=O)[C@H](CC(C)C)NC(=O)[C@@H]1CCCN1C(=O)[C@@H]1CCCN1)C(=O)O,C(CCl)Cl,2,1
25,PGPP,O=C(NCC(=O)N1CCC[C@H]1C(=O)N1CCC[C@H]1C(=O)O)[C@@H]1CCCN1,C(CCl)Cl,2,1
26,PGPG,O=C(O)CNC(=O)[C@@H]1CCCN1C(=O)CNC(=O)[C@@H]1CCCN1,C(CCl)Cl,2,1
27,PGPV,CC(C)[C@H](NC(=O)[C@@H]1CCCN1C(=O)CNC(=O)[C@@H]1CCCN1)C(=O)O,C(CCl)Cl,1,1
28,PGPA,C[C@H](NC(=O)[C@@H]1CCCN1C(=O)CNC(=O)[C@@H]1CCCN1)C(=O)O,C(CCl)Cl,2,1
29,PGPL,CC(C)C[C@H](NC(=O)[C@@H]1CCCN1C(=O)CNC(=O)[C@@H]1CCCN1)C(=O)O,C(CCl)Cl,2,1
30,PGGP,O=C(CNC(=O)[C@@H]1CCCN1)NCC(=O)N1CCC[C@H]1C(=O)O,C(CCl)Cl,1,1
31,PGGG,O=C(O)CNC(=O)CNC(=O)CNC(=O)[C@@H]1CCCN1,C(CCl)Cl,2,1
32,PGGV,CC(C)[C@H](NC(=O)CNC(=O)CNC(=O)[C@@H]1CCCN1)C(=O)O,C(CCl)Cl,1,1
33,PGGA,C[C@H](NC(=O)CNC(=O)CNC(=O)[C@@H]1CCCN1)C(=O)O,C(CCl)Cl,2,1
34,PGGL,CC(C)C[C@H](NC(=O)CNC(=O)CNC(=O)[C@@H]1CCCN1)C(=O)O,C(CCl)Cl,0,1
35,PGVP,CC(C)[C@H](NC(=O)CNC(=O)[C@@H]1CCCN1)C(=O)N1CCC[C@H]1C(=O)O,C(CCl)Cl,1,1
36,PGVG,CC(C)[C@H](NC(=O)CNC(=O)[C@@H]1CCCN1)C(=O)NCC(=O)O,C(CCl)Cl,2,1
37,PGVV,CC(C)[C@H](NC(=O)[C@@H](NC(=O)CNC(=O)[C@@H]1CCCN1)C(C)C)C(=O)O,C(CCl)Cl,2,1
38,PGVA,CC(C)[C@H](NC(=O)CNC(=O)[C@@H]1CCCN1)C(=O)N[C@@H](C)C(=O)O,C(CCl)Cl,2,1
39,PGVL,CC(C)C[C@H](NC(=O)[C@@H](NC(=O)CNC(=O)[C@@H]1CCCN1)C(C)C)C(=O)O,C(CCl)Cl,0,1
40,PGAP,C[C@H](NC(=O)CNC(=O)[C@@H]1CCCN1)C(=O)N1CCC[C@H]1C(=O)O,C(CCl)Cl,2,1
41,PGAG,C[C@H](NC(=O)CNC(=O)[C@@H]1CCCN1)C(=O)NCC(=O)O,C(CCl)Cl,2,1
42,PGAV,CC(C)[C@H](NC(=O)[C@H](C)NC(=O)CNC(=O)[C@@H]1CCCN1)C(=O)O,C(CCl)Cl,2,1
43,PGAA,C[C@H](NC(=O)[C@H](C)NC(=O)CNC(=O)[C@@H]1CCCN1)C(=O)O,C(CCl)Cl,2,1
44,PGAL,CC(C)C[C@H](NC(=O)[C@H](C)NC(=O)CNC(=O)[C@@H]1CCCN1)C(=O)O,C(CCl)Cl,2,1
45,PGLP,CC(C)C[C@H](NC(=O)CNC(=O)[C@@H]1CCCN1)C(=O)N1CCC[C@H]1C(=O)O,C(CCl)Cl,1,1
46,PGLG,CC(C)C[C@H](NC(=O)CNC(=O)[C@@H]1CCCN1)C(=O)NCC(=O)O,C(CCl)Cl,2,0
47,PGLV,CC(C)C[C@H](NC(=O)CNC(=O)[C@@H]1CCCN1)C(=O)N[C@H](C(=O)O)C(C)C,C(CCl)Cl,2,1
48,PGLA,CC(C)C[C@H](NC(=O)CNC(=O)[C@@H]1CCCN1)C(=O)N[C@@H](C)C(=O)O,C(CCl)Cl,2,1
49,PGLL,CC(C)C[C@H](NC(=O)[C@H](CC(C)C)NC(=O)CNC(=O)[C@@H]1CCCN1)C(=O)O,C(CCl)Cl,2,1
50,PVPP,CC(C)[C@H](NC(=O)[C@@H]1CCCN1)C(=O)N1CCC[C@H]1C(=O)N1CCC[C@H]1C(=O)O,C(CCl)Cl,2,1
51,PVPG,CC(C)[C@H](NC(=O)[C@@H]1CCCN1)C(=O)N1CCC[C@H]1C(=O)NCC(=O)O,C(CCl)Cl,2,1
52,PVPV,CC(C)[C@H](NC(=O)[C@@H]1CCCN1C(=O)[C@@H](NC(=O)[C@@H]1CCCN1)C(C)C)C(=O)O,C(CCl)Cl,1,1
53,PVPA,CC(C)[C@H](NC(=O)[C@@H]1CCCN1)C(=O)N1CCC[C@H]1C(=O)N[C@@H](C)C(=O)O,C(CCl)Cl,2,1
54,PVPL,CC(C)C[C@H](NC(=O)[C@@H]1CCCN1C(=O)[C@@H](NC(=O)[C@@H]1CCCN1)C(C)C)C(=O)O,C(CCl)Cl,2,1
55,PVGP,CC(C)[C@H](NC(=O)[C@@H]1CCCN1)C(=O)NCC(=O)N1CCC[C@H]1C(=O)O,C(CCl)Cl,2,1
56,PVGG,CC(C)[C@H](NC(=O)[C@@H]1CCCN1)C(=O)NCC(=O)NCC(=O)O,C(CCl)Cl,2,1
57,PVGV,CC(C)[C@H](NC(=O)CNC(=O)[C@@H](NC(=O)[C@@H]1CCCN1)C(C)C)C(=O)O,C(CCl)Cl,1,1
58,PVGA,CC(C)[C@H](NC(=O)[C@@H]1CCCN1)C(=O)NCC(=O)N[C@@H](C)C(=O)O,C(CCl)Cl,2,1
59,PVGL,CC(C)C[C@H](NC(=O)CNC(=O)[C@@H](NC(=O)[C@@H]1CCCN1)C(C)C)C(=O)O,C(CCl)Cl,1,0
60,PVVP,CC(C)[C@H](NC(=O)[C@@H]1CCCN1)C(=O)N[C@H](C(=O)N1CCC[C@H]1C(=O)O)C(C)C,C(CCl)Cl,2,1
61,PVVG,CC(C)[C@H](NC(=O)[C@@H]1CCCN1)C(=O)N[C@H](C(=O)NCC(=O)O)C(C)C,C(CCl)Cl,2,1
62,PVVV,CC(C)[C@H](NC(=O)[C@@H](NC(=O)[C@@H](NC(=O)[C@@H]1CCCN1)C(C)C)C(C)C)C(=O)O,C(CCl)Cl,2,1
63,PVVA,CC(C)[C@H](NC(=O)[C@@H]1CCCN1)C(=O)N[C@H](C(=O)N[C@@H](C)C(=O)O)C(C)C,C(CCl)Cl,2,0
64,PVVL,CC(C)C[C@H](NC(=O)[C@@H](NC(=O)[C@@H](NC(=O)[C@@H]1CCCN1)C(C)C)C(C)C)C(=O)O,C(CCl)Cl,1,1
65,PVAP,CC(C)[C@H](NC(=O)[C@@H]1CCCN1)C(=O)N[C@@H](C)C(=O)N1CCC[C@H]1C(=O)O,C(CCl)Cl,2,1
66,PVAG,CC(C)[C@H](NC(=O)[C@@H]1CCCN1)C(=O)N[C@@H](C)C(=O)NCC(=O)O,C(CCl)Cl,2,1
67,PVAV,CC(C)[C@H](NC(=O)[C@H](C)NC(=O)[C@@H](NC(=O)[C@@H]1CCCN1)C(C)C)C(=O)O,C(CCl)Cl,2,1
68,PVAA,CC(C)[C@H](NC(=O)[C@@H]1CCCN1)C(=O)N[C@@H](C)C(=O)N[C@@H](C)C(=O)O,C(CCl)Cl,2,1
69,PVAL,CC(C)C[C@H](NC(=O)[C@H](C)NC(=O)[C@@H](NC(=O)[C@@H]1CCCN1)C(C)C)C(=O)O,C(CCl)Cl,1,1
70,PVLP,CC(C)C[C@H](NC(=O)[C@@H](NC(=O)[C@@H]1CCCN1)C(C)C)C(=O)N1CCC[C@H]1C(=O)O,C(CCl)Cl,2,1
71,PVLG,CC(C)C[C@H](NC(=O)[C@@H](NC(=O)[C@@H]1CCCN1)C(C)C)C(=O)NCC(=O)O,C(CCl)Cl,2,1
72,PVLV,CC(C)C[C@H](NC(=O)[C@@H](NC(=O)[C@@H]1CCCN1)C(C)C)C(=O)N[C@H](C(=O)O)C(C)C,C(CCl)Cl,2,1
73,PVLA,CC(C)C[C@H](NC(=O)[C@@H](NC(=O)[C@@H]1CCCN1)C(C)C)C(=O)N[C@@H](C)C(=O)O,C(CCl)Cl,2,1
74,PVLL,CC(C)C[C@H](NC(=O)[C@H](CC(C)C)NC(=O)[C@@H](NC(=O)[C@@H]1CCCN1)C(C)C)C(=O)O,C(CCl)Cl,1,0
75,PAPP,C[C@H](NC(=O)[C@@H]1CCCN1)C(=O)N1CCC[C@H]1C(=O)N1CCC[C@H]1C(=O)O,C(CCl)Cl,2,1
76,PAPG,C[C@H](NC(=O)[C@@H]1CCCN1)C(=O)N1CCC[C@H]1C(=O)NCC(=O)O,C(CCl)Cl,2,1
77,PAPV,CC(C)[C@H](NC(=O)[C@@H]1CCCN1C(=O)[C@H](C)NC(=O)[C@@H]1CCCN1)C(=O)O,C(CCl)Cl,2,1
78,PAPA,C[C@H](NC(=O)[C@@H]1CCCN1C(=O)[C@H](C)NC(=O)[C@@H]1CCCN1)C(=O)O,C(CCl)Cl,2,1
79,PAPL,CC(C)C[C@H](NC(=O)[C@@H]1CCCN1C(=O)[C@H](C)NC(=O)[C@@H]1CCCN1)C(=O)O,C(CCl)Cl,0,1
80,PAGP,C[C@H](NC(=O)[C@@H]1CCCN1)C(=O)NCC(=O)N1CCC[C@H]1C(=O)O,C(CCl)Cl,2,1
81,PAGG,C[C@H](NC(=O)[C@@H]1CCCN1)C(=O)NCC(=O)NCC(=O)O,C(CCl)Cl,2,1
82,PAGV,CC(C)[C@H](NC(=O)CNC(=O)[C@H](C)NC(=O)[C@@H]1CCCN1)C(=O)O,C(CCl)Cl,0,1
83,PAGA,C[C@H](NC(=O)CNC(=O)[C@H](C)NC(=O)[C@@H]1CCCN1)C(=O)O,C(CCl)Cl,2,1
84,PAGL,CC(C)C[C@H](NC(=O)CNC(=O)[C@H](C)NC(=O)[C@@H]1CCCN1)C(=O)O,C(CCl)Cl,1,1
85,PAVP,CC(C)[C@H](NC(=O)[C@H](C)NC(=O)[C@@H]1CCCN1)C(=O)N1CCC[C@H]1C(=O)O,C(CCl)Cl,1,1
86,PAVG,CC(C)[C@H](NC(=O)[C@H](C)NC(=O)[C@@H]1CCCN1)C(=O)NCC(=O)O,C(CCl)Cl,2,1
87,PAVV,CC(C)[C@H](NC(=O)[C@@H](NC(=O)[C@H](C)NC(=O)[C@@H]1CCCN1)C(C)C)C(=O)O,C(CCl)Cl,1,1
88,PAVA,CC(C)[C@H](NC(=O)[C@H](C)NC(=O)[C@@H]1CCCN1)C(=O)N[C@@H](C)C(=O)O,C(CCl)Cl,2,1
89,PAVL,CC(C)C[C@H](NC(=O)[C@@H](NC(=O)[C@H](C)NC(=O)[C@@H]1CCCN1)C(C)C)C(=O)O,C(CCl)Cl,2,1
90,PAAP,C[C@H](NC(=O)[C@@H]1CCCN1)C(=O)N[C@@H](C)C(=O)N1CCC[C@H]1C(=O)O,C(CCl)Cl,2,1
91,PAAG,C[C@H](NC(=O)[C@H](C)NC(=O)[C@@H]1CCCN1)C(=O)NCC(=O)O,C(CCl)Cl,2,1
92,PAAV,CC(C)[C@H](NC(=O)[C@H](C)NC(=O)[C@H](C)NC(=O)[C@@H]1CCCN1)C(=O)O,C(CCl)Cl,2,1
93,PAAA,C[C@H](NC(=O)[C@H](C)NC(=O)[C@H](C)NC(=O)[C@@H]1CCCN1)C(=O)O,C(CCl)Cl,2,1
94,PAAL,CC(C)C[C@H](NC(=O)[C@H](C)NC(=O)[C@H](C)NC(=O)[C@@H]1CCCN1)C(=O)O,C(CCl)Cl,2,1
95,PALP,CC(C)C[C@H](NC(=O)[C@H](C)NC(=O)[C@@H]1CCCN1)C(=O)N1CCC[C@H]1C(=O)O,C(CCl)Cl,2,1
96,PALG,CC(C)C[C@H](NC(=O)[C@H](C)NC(=O)[C@@H]1CCCN1)C(=O)NCC(=O)O,C(CCl)Cl,2,1
97,PALV,CC(C)C[C@H](NC(=O)[C@H](C)NC(=O)[C@@H]1CCCN1)C(=O)N[C@H](C(=O)O)C(C)C,C(CCl)Cl,2,1
98,PALA,CC(C)C[C@H](NC(=O)[C@H](C)NC(=O)[C@@H]1CCCN1)C(=O)N[C@@H](C)C(=O)O,C(CCl)Cl,2,1
99,PALL,CC(C)C[C@H](NC(=O)[C@H](CC(C)C)NC(=O)[C@H](C)NC(=O)[C@@H]1CCCN1)C(=O)O,C(CCl)Cl,1,1
100,PLPP,CC(C)C[C@H](NC(=O)[C@@H]1CCCN1)C(=O)N1CCC[C@H]1C(=O)N1CCC[C@H]1C(=O)O,C(CCl)Cl,2,2
101,PLPG,CC(C)C[C@H](NC(=O)[C@@H]1CCCN1)C(=O)N1CCC[C@H]1C(=O)NCC(=O)O,C(CCl)Cl,2,1
102,PLPV,CC(C)C[C@H](NC(=O)[C@@H]1CCCN1)C(=O)N1CCC[C@H]1C(=O)N[C@H](C(=O)O)C(C)C,C(CCl)Cl,2,1
103,PLPA,CC(C)C[C@H](NC(=O)[C@@H]1CCCN1)C(=O)N1CCC[C@H]1C(=O)N[C@@H](C)C(=O)O,C(CCl)Cl,2,1
104,PLPL,CC(C)C[C@H](NC(=O)[C@@H]1CCCN1C(=O)[C@H](CC(C)C)NC(=O)[C@@H]1CCCN1)C(=O)O,C(CCl)Cl,1,1
105,PLGP,CC(C)C[C@H](NC(=O)[C@@H]1CCCN1)C(=O)NCC(=O)N1CCC[C@H]1C(=O)O,C(CCl)Cl,2,1
106,PLGG,CC(C)C[C@H](NC(=O)[C@@H]1CCCN1)C(=O)NCC(=O)NCC(=O)O,C(CCl)Cl,2,1
107,PLGV,CC(C)C[C@H](NC(=O)[C@@H]1CCCN1)C(=O)NCC(=O)N[C@H](C(=O)O)C(C)C,C(CCl)Cl,2,1
108,PLGA,CC(C)C[C@H](NC(=O)[C@@H]1CCCN1)C(=O)NCC(=O)N[C@@H](C)C(=O)O,C(CCl)Cl,2,1
109,PLGL,CC(C)C[C@H](NC(=O)CNC(=O)[C@H](CC(C)C)NC(=O)[C@@H]1CCCN1)C(=O)O,C(CCl)Cl,2,1
110,PLVP,CC(C)C[C@H](NC(=O)[C@@H]1CCCN1)C(=O)N[C@H](C(=O)N1CCC[C@H]1C(=O)O)C(C)C,C(CCl)Cl,0,1
111,PLVG,CC(C)C[C@H](NC(=O)[C@@H]1CCCN1)C(=O)N[C@H](C(=O)NCC(=O)O)C(C)C,C(CCl)Cl,2,0
112,PLVV,CC(C)C[C@H](NC(=O)[C@@H]1CCCN1)C(=O)N[C@H](C(=O)N[C@H](C(=O)O)C(C)C)C(C)C,C(CCl)Cl,2,1
113,PLVA,CC(C)C[C@H](NC(=O)[C@@H]1CCCN1)C(=O)N[C@H](C(=O)N[C@@H](C)C(=O)O)C(C)C,C(CCl)Cl,2,1
114,PLVL,CC(C)C[C@H](NC(=O)[C@@H](NC(=O)[C@H](CC(C)C)NC(=O)[C@@H]1CCCN1)C(C)C)C(=O)O,C(CCl)Cl,1,1
115,PLAP,CC(C)C[C@H](NC(=O)[C@@H]1CCCN1)C(=O)N[C@@H](C)C(=O)N1CCC[C@H]1C(=O)O,C(CCl)Cl,2,1
116,PLAG,CC(C)C[C@H](NC(=O)[C@@H]1CCCN1)C(=O)N[C@@H](C)C(=O)NCC(=O)O,C(CCl)Cl,2,1
117,PLAV,CC(C)C[C@H](NC(=O)[C@@H]1CCCN1)C(=O)N[C@@H](C)C(=O)N[C@H](C(=O)O)C(C)C,C(CCl)Cl,1,1
118,PLAA,CC(C)C[C@H](NC(=O)[C@@H]1CCCN1)C(=O)N[C@@H](C)C(=O)N[C@@H](C)C(=O)O,C(CCl)Cl,2,0
119,PLAL,CC(C)C[C@H](NC(=O)[C@H](C)NC(=O)[C@H](CC(C)C)NC(=O)[C@@H]1CCCN1)C(=O)O,C(CCl)Cl,1,0
120,PLLP,CC(C)C[C@H](NC(=O)[C@@H]1CCCN1)C(=O)N[C@@H](CC(C)C)C(=O)N1CCC[C@H]1C(=O)O,C(CCl)Cl,2,1
121,PLLG,CC(C)C[C@H](NC(=O)[C@H](CC(C)C)NC(=O)[C@@H]1CCCN1)C(=O)NCC(=O)O,C(CCl)Cl,2,1
122,PLLV,CC(C)C[C@H](NC(=O)[C@@H]1CCCN1)C(=O)N[C@@H](CC(C)C)C(=O)N[C@H](C(=O)O)C(C)C,C(CCl)Cl,1,1
123,PLLA,CC(C)C[C@H](NC(=O)[C@H](CC(C)C)NC(=O)[C@@H]1CCCN1)C(=O)N[C@@H](C)C(=O)O,C(CCl)Cl,2,0
124,PLLL,CC(C)C[C@H](NC(=O)[C@H](CC(C)C)NC(=O)[C@H](CC(C)C)NC(=O)[C@@H]1CCCN1)C(=O)O,C(CCl)Cl,1,1
125,GPPP,NCC(=O)N1CCC[C@H]1C(=O)N1CCC[C@H]1C(=O)N1CCC[C@H]1C(=O)O,C(CCl)Cl,2,1
126,GPPG,NCC(=O)N1CCC[C@H]1C(=O)N1CCC[C@H]1C(=O)NCC(=O)O,C(CCl)Cl,2,2
127,GPPV,CC(C)[C@H](NC(=O)[C@@H]1CCCN1C(=O)[C@@H]1CCCN1C(=O)CN)C(=O)O,C(CCl)Cl,2,1
128,GPPA,C[C@H](NC(=O)[C@@H]1CCCN1C(=O)[C@@H]1CCCN1C(=O)CN)C(=O)O,C(CCl)Cl,2,1
129,GPPL,CC(C)C[C@H](NC(=O)[C@@H]1CCCN1C(=O)[C@@H]1CCCN1C(=O)CN)C(=O)O,C(CCl)Cl,2,1
130,GPGP,NCC(=O)N1CCC[C@H]1C(=O)NCC(=O)N1CCC[C@H]1C(=O)O,C(CCl)Cl,2,1
131,GPGG,NCC(=O)N1CCC[C@H]1C(=O)NCC(=O)NCC(=O)O,C(CCl)Cl,2,2
132,GPGV,CC(C)[C@H](NC(=O)CNC(=O)[C@@H]1CCCN1C(=O)CN)C(=O)O,C(CCl)Cl,2,1
133,GPGA,C[C@H](NC(=O)CNC(=O)[C@@H]1CCCN1C(=O)CN)C(=O)O,C(CCl)Cl,2,1
134,GPGL,CC(C)C[C@H](NC(=O)CNC(=O)[C@@H]1CCCN1C(=O)CN)C(=O)O,C(CCl)Cl,0,1
135,GPVP,CC(C)[C@H](NC(=O)[C@@H]1CCCN1C(=O)CN)C(=O)N1CCC[C@H]1C(=O)O,C(CCl)Cl,2,1
136,GPVG,CC(C)[C@H](NC(=O)[C@@H]1CCCN1C(=O)CN)C(=O)NCC(=O)O,C(CCl)Cl,2,1
137,GPVV,CC(C)[C@H](NC(=O)[C@@H](NC(=O)[C@@H]1CCCN1C(=O)CN)C(C)C)C(=O)O,C(CCl)Cl,2,1
138,GPVA,CC(C)[C@H](NC(=O)[C@@H]1CCCN1C(=O)CN)C(=O)N[C@@H](C)C(=O)O,C(CCl)Cl,2,1
139,GPVL,CC(C)C[C@H](NC(=O)[C@@H](NC(=O)[C@@H]1CCCN1C(=O)CN)C(C)C)C(=O)O,C(CCl)Cl,2,1
140,GPAP,C[C@H](NC(=O)[C@@H]1CCCN1C(=O)CN)C(=O)N1CCC[C@H]1C(=O)O,C(CCl)Cl,2,1
141,GPAG,C[C@H](NC(=O)[C@@H]1CCCN1C(=O)CN)C(=O)NCC(=O)O,C(CCl)Cl,2,2
142,GPAV,CC(C)[C@H](NC(=O)[C@H](C)NC(=O)[C@@H]1CCCN1C(=O)CN)C(=O)O,C(CCl)Cl,2,1
143,GPAA,C[C@H](NC(=O)[C@H](C)NC(=O)[C@@H]1CCCN1C(=O)CN)C(=O)O,C(CCl)Cl,2,1
144,GPAL,CC(C)C[C@H](NC(=O)[C@H](C)NC(=O)[C@@H]1CCCN1C(=O)CN)C(=O)O,C(CCl)Cl,2,1
145,GPLP,CC(C)C[C@H](NC(=O)[C@@H]1CCCN1C(=O)CN)C(=O)N1CCC[C@H]1C(=O)O,C(CCl)Cl,2,1
146,GPLG,CC(C)C[C@H](NC(=O)[C@@H]1CCCN1C(=O)CN)C(=O)NCC(=O)O,C(CCl)Cl,2,2
147,GPLV,CC(C)C[C@H](NC(=O)[C@@H]1CCCN1C(=O)CN)C(=O)N[C@H](C(=O)O)C(C)C,C(CCl)Cl,2,1
148,GPLA,CC(C)C[C@H](NC(=O)[C@@H]1CCCN1C(=O)CN)C(=O)N[C@@H](C)C(=O)O,C(CCl)Cl,2,2
149,GPLL,CC(C)C[C@H](NC(=O)[C@H](CC(C)C)NC(=O)[C@@H]1CCCN1C(=O)CN)C(=O)O,C(CCl)Cl,2,1
150,GGPP,NCC(=O)NCC(=O)N1CCC[C@H]1C(=O)N1CCC[C@H]1C(=O)O,C(CCl)Cl,2,1
151,GGPG,NCC(=O)NCC(=O)N1CCC[C@H]1C(=O)NCC(=O)O,C(CCl)Cl,2,2
152,GGPV,CC(C)[C@H](NC(=O)[C@@H]1CCCN1C(=O)CNC(=O)CN)C(=O)O,C(CCl)Cl,2,1
153,GGPA,C[C@H](NC(=O)[C@@H]1CCCN1C(=O)CNC(=O)CN)C(=O)O,C(CCl)Cl,2,1
154,GGPL,CC(C)C[C@H](NC(=O)[C@@H]1CCCN1C(=O)CNC(=O)CN)C(=O)O,C(CCl)Cl,2,2
155,GGGP,NCC(=O)NCC(=O)NCC(=O)N1CCC[C@H]1C(=O)O,C(CCl)Cl,2,1
156,GGGG,NCC(=O)NCC(=O)NCC(=O)NCC(=O)O,C(CCl)Cl,2,1
157,GGGV,CC(C)[C@H](NC(=O)CNC(=O)CNC(=O)CN)C(=O)O,C(CCl)Cl,2,1
158,GGGA,C[C@H](NC(=O)CNC(=O)CNC(=O)CN)C(=O)O,C(CCl)Cl,2,1
159,GGGL,CC(C)C[C@H](NC(=O)CNC(=O)CNC(=O)CN)C(=O)O,C(CCl)Cl,2,1
160,GGVP,CC(C)[C@H](NC(=O)CNC(=O)CN)C(=O)N1CCC[C@H]1C(=O)O,C(CCl)Cl,2,1
161,GGVG,CC(C)[C@H](NC(=O)CNC(=O)CN)C(=O)NCC(=O)O,C(CCl)Cl,2,1
162,GGVV,CC(C)[C@H](NC(=O)[C@@H](NC(=O)CNC(=O)CN)C(C)C)C(=O)O,C(CCl)Cl,2,1
163,GGVA,CC(C)[C@H](NC(=O)CNC(=O)CN)C(=O)N[C@@H](C)C(=O)O,C(CCl)Cl,2,1
164,GGVL,CC(C)C[C@H](NC(=O)[C@@H](NC(=O)CNC(=O)CN)C(C)C)C(=O)O,C(CCl)Cl,2,1
165,GGAP,C[C@H](NC(=O)CNC(=O)CN)C(=O)N1CCC[C@H]1C(=O)O,C(CCl)Cl,2,1
166,GGAG,C[C@H](NC(=O)CNC(=O)CN)C(=O)NCC(=O)O,C(CCl)Cl,2,1
167,GGAV,CC(C)[C@H](NC(=O)[C@H](C)NC(=O)CNC(=O)CN)C(=O)O,C(CCl)Cl,2,1
168,GGAA,C[C@H](NC(=O)[C@H](C)NC(=O)CNC(=O)CN)C(=O)O,C(CCl)Cl,2,1
169,GGAL,CC(C)C[C@H](NC(=O)[C@H](C)NC(=O)CNC(=O)CN)C(=O)O,C(CCl)Cl,2,2
170,GGLP,CC(C)C[C@H](NC(=O)CNC(=O)CN)C(=O)N1CCC[C@H]1C(=O)O,C(CCl)Cl,2,2
171,GGLG,CC(C)C[C@H](NC(=O)CNC(=O)CN)C(=O)NCC(=O)O,C(CCl)Cl,2,1
172,GGLV,CC(C)C[C@H](NC(=O)CNC(=O)CN)C(=O)N[C@H](C(=O)O)C(C)C,C(CCl)Cl,2,1
173,GGLA,CC(C)C[C@H](NC(=O)CNC(=O)CN)C(=O)N[C@@H](C)C(=O)O,C(CCl)Cl,2,1
174,GGLL,CC(C)C[C@H](NC(=O)[C@H](CC(C)C)NC(=O)CNC(=O)CN)C(=O)O,C(CCl)Cl,2,1
175,GVPP,CC(C)[C@H](NC(=O)CN)C(=O)N1CCC[C@H]1C(=O)N1CCC[C@H]1C(=O)O,C(CCl)Cl,2,1
176,GVPG,CC(C)[C@H](NC(=O)CN)C(=O)N1CCC[C@H]1C(=O)NCC(=O)O,C(CCl)Cl,2,2
177,GVPV,CC(C)[C@H](NC(=O)[C@@H]1CCCN1C(=O)[C@@H](NC(=O)CN)C(C)C)C(=O)O,C(CCl)Cl,2,1
178,GVPA,CC(C)[C@H](NC(=O)CN)C(=O)N1CCC[C@H]1C(=O)N[C@@H](C)C(=O)O,C(CCl)Cl,2,1
179,GVPL,CC(C)C[C@H](NC(=O)[C@@H]1CCCN1C(=O)[C@@H](NC(=O)CN)C(C)C)C(=O)O,C(CCl)Cl,2,1
180,GVGP,CC(C)[C@H](NC(=O)CN)C(=O)NCC(=O)N1CCC[C@H]1C(=O)O,C(CCl)Cl,2,2
181,GVGG,CC(C)[C@H](NC(=O)CN)C(=O)NCC(=O)NCC(=O)O,C(CCl)Cl,2,2
182,GVGV,CC(C)[C@H](NC(=O)CNC(=O)[C@@H](NC(=O)CN)C(C)C)C(=O)O,C(CCl)Cl,2,1
183,GVGA,CC(C)[C@H](NC(=O)CN)C(=O)NCC(=O)N[C@@H](C)C(=O)O,C(CCl)Cl,2,2
184,GVGL,CC(C)C[C@H](NC(=O)CNC(=O)[C@@H](NC(=O)CN)C(C)C)C(=O)O,C(CCl)Cl,2,1
185,GVVP,CC(C)[C@H](NC(=O)CN)C(=O)N[C@H](C(=O)N1CCC[C@H]1C(=O)O)C(C)C,C(CCl)Cl,2,2
186,GVVG,CC(C)[C@H](NC(=O)CN)C(=O)N[C@H](C(=O)NCC(=O)O)C(C)C,C(CCl)Cl,2,1
187,GVVV,CC(C)[C@H](NC(=O)[C@@H](NC(=O)[C@@H](NC(=O)CN)C(C)C)C(C)C)C(=O)O,C(CCl)Cl,2,1
188,GVVA,CC(C)[C@H](NC(=O)CN)C(=O)N[C@H](C(=O)N[C@@H](C)C(=O)O)C(C)C,C(CCl)Cl,2,2
189,GVVL,CC(C)C[C@H](NC(=O)[C@@H](NC(=O)[C@@H](NC(=O)CN)C(C)C)C(C)C)C(=O)O,C(CCl)Cl,2,1
190,GVAP,CC(C)[C@H](NC(=O)CN)C(=O)N[C@@H](C)C(=O)N1CCC[C@H]1C(=O)O,C(CCl)Cl,2,2
191,GVAG,CC(C)[C@H](NC(=O)CN)C(=O)N[C@@H](C)C(=O)NCC(=O)O,C(CCl)Cl,2,1
192,GVAV,CC(C)[C@H](NC(=O)[C@H](C)NC(=O)[C@@H](NC(=O)CN)C(C)C)C(=O)O,C(CCl)Cl,2,1
193,GVAA,CC(C)[C@H](NC(=O)CN)C(=O)N[C@@H](C)C(=O)N[C@@H](C)C(=O)O,C(CCl)Cl,2,2
194,GVAL,CC(C)C[C@H](NC(=O)[C@H](C)NC(=O)[C@@H](NC(=O)CN)C(C)C)C(=O)O,C(CCl)Cl,2,1
195,GVLP,CC(C)C[C@H](NC(=O)[C@@H](NC(=O)CN)C(C)C)C(=O)N1CCC[C@H]1C(=O)O,C(CCl)Cl,2,2
196,GVLG,CC(C)C[C@H](NC(=O)[C@@H](NC(=O)CN)C(C)C)C(=O)NCC(=O)O,C(CCl)Cl,2,2
197,GVLV,CC(C)C[C@H](NC(=O)[C@@H](NC(=O)CN)C(C)C)C(=O)N[C@H](C(=O)O)C(C)C,C(CCl)Cl,2,1
198,GVLA,CC(C)C[C@H](NC(=O)[C@@H](NC(=O)CN)C(C)C)C(=O)N[C@@H](C)C(=O)O,C(CCl)Cl,2,2
199,GVLL,CC(C)C[C@H](NC(=O)[C@H](CC(C)C)NC(=O)[C@@H](NC(=O)CN)C(C)C)C(=O)O,C(CCl)Cl,2,1
200,GAPP,C[C@H](NC(=O)CN)C(=O)N1CCC[C@H]1C(=O)N1CCC[C@H]1C(=O)O,C(CCl)Cl,2,1
201,GAPG,C[C@H](NC(=O)CN)C(=O)N1CCC[C@H]1C(=O)NCC(=O)O,C(CCl)Cl,2,1
202,GAPV,CC(C)[C@H](NC(=O)[C@@H]1CCCN1C(=O)[C@H](C)NC(=O)CN)C(=O)O,C(CCl)Cl,2,2
203,GAPA,C[C@H](NC(=O)[C@@H]1CCCN1C(=O)[C@H](C)NC(=O)CN)C(=O)O,C(CCl)Cl,2,1
204,GAPL,CC(C)C[C@H](NC(=O)[C@@H]1CCCN1C(=O)[C@H](C)NC(=O)CN)C(=O)O,C(CCl)Cl,2,1
205,GAGP,C[C@H](NC(=O)CN)C(=O)NCC(=O)N1CCC[C@H]1C(=O)O,C(CCl)Cl,2,1
206,GAGG,C[C@H](NC(=O)CN)C(=O)NCC(=O)NCC(=O)O,C(CCl)Cl,2,2
207,GAGV,CC(C)[C@H](NC(=O)CNC(=O)[C@H](C)NC(=O)CN)C(=O)O,C(CCl)Cl,2,1
208,GAGA,C[C@H](NC(=O)CNC(=O)[C@H](C)NC(=O)CN)C(=O)O,C(CCl)Cl,2,1
209,GAGL,CC(C)C[C@H](NC(=O)CNC(=O)[C@H](C)NC(=O)CN)C(=O)O,C(CCl)Cl,2,1
210,GAVP,CC(C)[C@H](NC(=O)[C@H](C)NC(=O)CN)C(=O)N1CCC[C@H]1C(=O)O,C(CCl)Cl,2,1
211,GAVG,CC(C)[C@H](NC(=O)[C@H](C)NC(=O)CN)C(=O)NCC(=O)O,C(CCl)Cl,2,1
212,GAVV,CC(C)[C@H](NC(=O)[C@@H](NC(=O)[C@H](C)NC(=O)CN)C(C)C)C(=O)O,C(CCl)Cl,2,1
213,GAVA,CC(C)[C@H](NC(=O)[C@H](C)NC(=O)CN)C(=O)N[C@@H](C)C(=O)O,C(CCl)Cl,2,1
214,GAVL,CC(C)C[C@H](NC(=O)[C@@H](NC(=O)[C@H](C)NC(=O)CN)C(C)C)C(=O)O,C(CCl)Cl,2,1
215,GAAP,C[C@H](NC(=O)CN)C(=O)N[C@@H](C)C(=O)N1CCC[C@H]1C(=O)O,C(CCl)Cl,2,1
216,GAAG,C[C@H](NC(=O)CN)C(=O)N[C@@H](C)C(=O)NCC(=O)O,C(CCl)Cl,2,1
217,GAAV,CC(C)[C@H](NC(=O)[C@H](C)NC(=O)[C@H](C)NC(=O)CN)C(=O)O,C(CCl)Cl,2,1
218,GAAA,C[C@H](NC(=O)[C@H](C)NC(=O)[C@H](C)NC(=O)CN)C(=O)O,C(CCl)Cl,2,1
219,GAAL,CC(C)C[C@H](NC(=O)[C@H](C)NC(=O)[C@H](C)NC(=O)CN)C(=O)O,C(CCl)Cl,2,2
220,GALP,CC(C)C[C@H](NC(=O)[C@H](C)NC(=O)CN)C(=O)N1CCC[C@H]1C(=O)O,C(CCl)Cl,2,2
221,GALG,CC(C)C[C@H](NC(=O)[C@H](C)NC(=O)CN)C(=O)NCC(=O)O,C(CCl)Cl,2,1
222,GALV,CC(C)C[C@H](NC(=O)[C@H](C)NC(=O)CN)C(=O)N[C@H](C(=O)O)C(C)C,C(CCl)Cl,2,1
223,GALA,CC(C)C[C@H](NC(=O)[C@H](C)NC(=O)CN)C(=O)N[C@@H](C)C(=O)O,C(CCl)Cl,2,1
224,GALL,CC(C)C[C@H](NC(=O)[C@H](CC(C)C)NC(=O)[C@H](C)NC(=O)CN)C(=O)O,C(CCl)Cl,2,1
225,GLPP,CC(C)C[C@H](NC(=O)CN)C(=O)N1CCC[C@H]1C(=O)N1CCC[C@H]1C(=O)O,C(CCl)Cl,2,1
226,GLPG,CC(C)C[C@H](NC(=O)CN)C(=O)N1CCC[C@H]1C(=O)NCC(=O)O,C(CCl)Cl,2,2
227,GLPV,CC(C)C[C@H](NC(=O)CN)C(=O)N1CCC[C@H]1C(=O)N[C@H](C(=O)O)C(C)C,C(CCl)Cl,2,1
228,GLPA,CC(C)C[C@H](NC(=O)CN)C(=O)N1CCC[C@H]1C(=O)N[C@@H](C)C(=O)O,C(CCl)Cl,2,2
229,GLPL,CC(C)C[C@H](NC(=O)[C@@H]1CCCN1C(=O)[C@H](CC(C)C)NC(=O)CN)C(=O)O,C(CCl)Cl,2,1
230,GLGP,CC(C)C[C@H](NC(=O)CN)C(=O)NCC(=O)N1CCC[C@H]1C(=O)O,C(CCl)Cl,2,2
231,GLGG,CC(C)C[C@H](NC(=O)CN)C(=O)NCC(=O)NCC(=O)O,C(CCl)Cl,2,2
232,GLGV,CC(C)C[C@H](NC(=O)CN)C(=O)NCC(=O)N[C@H](C(=O)O)C(C)C,C(CCl)Cl,2,1
233,GLGA,CC(C)C[C@H](NC(=O)CN)C(=O)NCC(=O)N[C@@H](C)C(=O)O,C(CCl)Cl,2,2
234,GLGL,CC(C)C[C@H](NC(=O)CNC(=O)[C@H](CC(C)C)NC(=O)CN)C(=O)O,C(CCl)Cl,2,1
235,GLVP,CC(C)C[C@H](NC(=O)CN)C(=O)N[C@H](C(=O)N1CCC[C@H]1C(=O)O)C(C)C,C(CCl)Cl,2,2
236,GLVG,CC(C)C[C@H](NC(=O)CN)C(=O)N[C@H](C(=O)NCC(=O)O)C(C)C,C(CCl)Cl,2,2
237,GLVV,CC(C)C[C@H](NC(=O)CN)C(=O)N[C@H](C(=O)N[C@H](C(=O)O)C(C)C)C(C)C,C(CCl)Cl,2,1
238,GLVA,CC(C)C[C@H](NC(=O)CN)C(=O)N[C@H](C(=O)N[C@@H](C)C(=O)O)C(C)C,C(CCl)Cl,2,1
239,GLVL,CC(C)C[C@H](NC(=O)[C@@H](NC(=O)[C@H](CC(C)C)NC(=O)CN)C(C)C)C(=O)O,C(CCl)Cl,2,1
240,GLAP,CC(C)C[C@H](NC(=O)CN)C(=O)N[C@@H](C)C(=O)N1CCC[C@H]1C(=O)O,C(CCl)Cl,2,1
241,GLAG,CC(C)C[C@H](NC(=O)CN)C(=O)N[C@@H](C)C(=O)NCC(=O)O,C(CCl)Cl,2,2
242,GLAV,CC(C)C[C@H](NC(=O)CN)C(=O)N[C@@H](C)C(=O)N[C@H](C(=O)O)C(C)C,C(CCl)Cl,2,1
243,GLAA,CC(C)C[C@H](NC(=O)CN)C(=O)N[C@@H](C)C(=O)N[C@@H](C)C(=O)O,C(CCl)Cl,2,2
244,GLAL,CC(C)C[C@H](NC(=O)[C@H](C)NC(=O)[C@H](CC(C)C)NC(=O)CN)C(=O)O,C(CCl)Cl,2,1
245,GLLP,CC(C)C[C@H](NC(=O)CN)C(=O)N[C@@H](CC(C)C)C(=O)N1CCC[C@H]1C(=O)O,C(CCl)Cl,2,1
246,GLLG,CC(C)C[C@H](NC(=O)CN)C(=O)N[C@@H](CC(C)C)C(=O)NCC(=O)O,C(CCl)Cl,2,2
247,GLLV,CC(C)C[C@H](NC(=O)CN)C(=O)N[C@@H](CC(C)C)C(=O)N[C@H](C(=O)O)C(C)C,C(CCl)Cl,2,1
248,GLLA,CC(C)C[C@H](NC(=O)CN)C(=O)N[C@@H](CC(C)C)C(=O)N[C@@H](C)C(=O)O,C(CCl)Cl,2,2
249,GLLL,CC(C)C[C@H](NC(=O)[C@H](CC(C)C)NC(=O)[C@H](CC(C)C)NC(=O)CN)C(=O)O,C(CCl)Cl,2,2
250,VPPP,CC(C)[C@H](N)C(=O)N1CCC[C@H]1C(=O)N1CCC[C@H]1C(=O)N1CCC[C@H]1C(=O)O,C(CCl)Cl,1,1
251,VPPG,CC(C)[C@H](N)C(=O)N1CCC[C@H]1C(=O)N1CCC[C@H]1C(=O)NCC(=O)O,C(CCl)Cl,2,2
252,VPPV,CC(C)[C@H](N)C(=O)N1CCC[C@H]1C(=O)N1CCC[C@H]1C(=O)N[C@H](C(=O)O)C(C)C,C(CCl)Cl,0,1
253,VPPA,CC(C)[C@H](N)C(=O)N1CCC[C@H]1C(=O)N1CCC[C@H]1C(=O)N[C@@H](C)C(=O)O,C(CCl)Cl,2,1
254,VPPL,CC(C)C[C@H](NC(=O)[C@@H]1CCCN1C(=O)[C@@H]1CCCN1C(=O)[C@@H](N)C(C)C)C(=O)O,C(CCl)Cl,2,1
255,VPGP,CC(C)[C@H](N)C(=O)N1CCC[C@H]1C(=O)NCC(=O)N1CCC[C@H]1C(=O)O,C(CCl)Cl,2,1
256,VPGG,CC(C)[C@H](N)C(=O)N1CCC[C@H]1C(=O)NCC(=O)NCC(=O)O,C(CCl)Cl,2,1
257,VPGV,CC(C)[C@H](N)C(=O)N1CCC[C@H]1C(=O)NCC(=O)N[C@H](C(=O)O)C(C)C,C(CCl)Cl,2,1
258,VPGA,CC(C)[C@H](N)C(=O)N1CCC[C@H]1C(=O)NCC(=O)N[C@@H](C)C(=O)O,C(CCl)Cl,2,1
259,VPGL,CC(C)C[C@H](NC(=O)CNC(=O)[C@@H]1CCCN1C(=O)[C@@H](N)C(C)C)C(=O)O,C(CCl)Cl,0,1
260,VPVP,CC(C)[C@H](N)C(=O)N1CCC[C@H]1C(=O)N[C@H](C(=O)N1CCC[C@H]1C(=O)O)C(C)C,C(CCl)Cl,2,1
261,VPVG,CC(C)[C@H](N)C(=O)N1CCC[C@H]1C(=O)N[C@H](C(=O)NCC(=O)O)C(C)C,C(CCl)Cl,2,1
262,VPVV,CC(C)[C@H](N)C(=O)N1CCC[C@H]1C(=O)N[C@H](C(=O)N[C@H](C(=O)O)C(C)C)C(C)C,C(CCl)Cl,2,1
263,VPVA,CC(C)[C@H](N)C(=O)N1CCC[C@H]1C(=O)N[C@H](C(=O)N[C@@H](C)C(=O)O)C(C)C,C(CCl)Cl,2,1
264,VPVL,CC(C)C[C@H](NC(=O)[C@@H](NC(=O)[C@@H]1CCCN1C(=O)[C@@H](N)C(C)C)C(C)C)C(=O)O,C(CCl)Cl,1,1
265,VPAP,CC(C)[C@H](N)C(=O)N1CCC[C@H]1C(=O)N[C@@H](C)C(=O)N1CCC[C@H]1C(=O)O,C(CCl)Cl,2,1
266,VPAG,CC(C)[C@H](N)C(=O)N1CCC[C@H]1C(=O)N[C@@H](C)C(=O)NCC(=O)O,C(CCl)Cl,2,1
267,VPAV,CC(C)[C@H](N)C(=O)N1CCC[C@H]1C(=O)N[C@@H](C)C(=O)N[C@H](C(=O)O)C(C)C,C(CCl)Cl,1,1
268,VPAA,CC(C)[C@H](N)C(=O)N1CCC[C@H]1C(=O)N[C@@H](C)C(=O)N[C@@H](C)C(=O)O,C(CCl)Cl,2,1
269,VPAL,CC(C)C[C@H](NC(=O)[C@H](C)NC(=O)[C@@H]1CCCN1C(=O)[C@@H](N)C(C)C)C(=O)O,C(CCl)Cl,2,1
270,VPLP,CC(C)C[C@H](NC(=O)[C@@H]1CCCN1C(=O)[C@@H](N)C(C)C)C(=O)N1CCC[C@H]1C(=O)O,C(CCl)Cl,1,1
271,VPLG,CC(C)C[C@H](NC(=O)[C@@H]1CCCN1C(=O)[C@@H](N)C(C)C)C(=O)NCC(=O)O,C(CCl)Cl,2,1
272,VPLV,CC(C)C[C@H](NC(=O)[C@@H]1CCCN1C(=O)[C@@H](N)C(C)C)C(=O)N[C@H](C(=O)O)C(C)C,C(CCl)Cl,2,1
273,VPLA,CC(C)C[C@H](NC(=O)[C@@H]1CCCN1C(=O)[C@@H](N)C(C)C)C(=O)N[C@@H](C)C(=O)O,C(CCl)Cl,2,1
274,VPLL,CC(C)C[C@H](NC(=O)[C@H](CC(C)C)NC(=O)[C@@H]1CCCN1C(=O)[C@@H](N)C(C)C)C(=O)O,C(CCl)Cl,1,1
275,VGPP,CC(C)[C@H](N)C(=O)NCC(=O)N1CCC[C@H]1C(=O)N1CCC[C@H]1C(=O)O,C(CCl)Cl,2,1
276,VGPG,CC(C)[C@H](N)C(=O)NCC(=O)N1CCC[C@H]1C(=O)NCC(=O)O,C(CCl)Cl,2,1
277,VGPV,CC(C)[C@H](N)C(=O)NCC(=O)N1CCC[C@H]1C(=O)N[C@H](C(=O)O)C(C)C,C(CCl)Cl,2,1
278,VGPA,CC(C)[C@H](N)C(=O)NCC(=O)N1CCC[C@H]1C(=O)N[C@@H](C)C(=O)O,C(CCl)Cl,2,1
279,VGPL,CC(C)C[C@H](NC(=O)[C@@H]1CCCN1C(=O)CNC(=O)[C@@H](N)C(C)C)C(=O)O,C(CCl)Cl,2,1
280,VGGP,CC(C)[C@H](N)C(=O)NCC(=O)NCC(=O)N1CCC[C@H]1C(=O)O,C(CCl)Cl,2,1
281,VGGG,CC(C)[C@H](N)C(=O)NCC(=O)NCC(=O)NCC(=O)O,C(CCl)Cl,2,2
282,VGGV,CC(C)[C@H](N)C(=O)NCC(=O)NCC(=O)N[C@H](C(=O)O)C(C)C,C(CCl)Cl,2,1
283,VGGA,CC(C)[C@H](N)C(=O)NCC(=O)NCC(=O)N[C@@H](C)C(=O)O,C(CCl)Cl,2,1
284,VGGL,CC(C)C[C@H](NC(=O)CNC(=O)CNC(=O)[C@@H](N)C(C)C)C(=O)O,C(CCl)Cl,2,1
285,VGVP,CC(C)[C@H](N)C(=O)NCC(=O)N[C@H](C(=O)N1CCC[C@H]1C(=O)O)C(C)C,C(CCl)Cl,2,1
286,VGVG,CC(C)[C@H](N)C(=O)NCC(=O)N[C@H](C(=O)NCC(=O)O)C(C)C,C(CCl)Cl,2,1
287,VGVV,CC(C)[C@H](N)C(=O)NCC(=O)N[C@H](C(=O)N[C@H](C(=O)O)C(C)C)C(C)C,C(CCl)Cl,2,1
288,VGVA,CC(C)[C@H](N)C(=O)NCC(=O)N[C@H](C(=O)N[C@@H](C)C(=O)O)C(C)C,C(CCl)Cl,2,1
289,VGVL,CC(C)C[C@H](NC(=O)[C@@H](NC(=O)CNC(=O)[C@@H](N)C(C)C)C(C)C)C(=O)O,C(CCl)Cl,2,1
290,VGAP,CC(C)[C@H](N)C(=O)NCC(=O)N[C@@H](C)C(=O)N1CCC[C@H]1C(=O)O,C(CCl)Cl,2,1
291,VGAG,CC(C)[C@H](N)C(=O)NCC(=O)N[C@@H](C)C(=O)NCC(=O)O,C(CCl)Cl,2,1
292,VGAV,CC(C)[C@H](N)C(=O)NCC(=O)N[C@@H](C)C(=O)N[C@H](C(=O)O)C(C)C,C(CCl)Cl,0,1
293,VGAA,CC(C)[C@H](N)C(=O)NCC(=O)N[C@@H](C)C(=O)N[C@@H](C)C(=O)O,C(CCl)Cl,2,1
294,VGAL,CC(C)C[C@H](NC(=O)[C@H](C)NC(=O)CNC(=O)[C@@H](N)C(C)C)C(=O)O,C(CCl)Cl,1,1
295,VGLP,CC(C)C[C@H](NC(=O)CNC(=O)[C@@H](N)C(C)C)C(=O)N1CCC[C@H]1C(=O)O,C(CCl)Cl,2,1
296,VGLG,CC(C)C[C@H](NC(=O)CNC(=O)[C@@H](N)C(C)C)C(=O)NCC(=O)O,C(CCl)Cl,0,0
297,VGLV,CC(C)C[C@H](NC(=O)CNC(=O)[C@@H](N)C(C)C)C(=O)N[C@H](C(=O)O)C(C)C,C(CCl)Cl,2,1
298,VGLA,CC(C)C[C@H](NC(=O)CNC(=O)[C@@H](N)C(C)C)C(=O)N[C@@H](C)C(=O)O,C(CCl)Cl,2,1
299,VGLL,CC(C)C[C@H](NC(=O)[C@H](CC(C)C)NC(=O)CNC(=O)[C@@H](N)C(C)C)C(=O)O,C(CCl)Cl,1,1
300,VVPP,CC(C)[C@H](N)C(=O)N[C@H](C(=O)N1CCC[C@H]1C(=O)N1CCC[C@H]1C(=O)O)C(C)C,C(CCl)Cl,2,1
301,VVPG,CC(C)[C@H](N)C(=O)N[C@H](C(=O)N1CCC[C@H]1C(=O)NCC(=O)O)C(C)C,C(CCl)Cl,2,2
302,VVPV,CC(C)[C@H](N)C(=O)N[C@H](C(=O)N1CCC[C@H]1C(=O)N[C@H](C(=O)O)C(C)C)C(C)C,C(CCl)Cl,2,1
303,VVPA,CC(C)[C@H](N)C(=O)N[C@H](C(=O)N1CCC[C@H]1C(=O)N[C@@H](C)C(=O)O)C(C)C,C(CCl)Cl,2,1
304,VVPL,CC(C)C[C@H](NC(=O)[C@@H]1CCCN1C(=O)[C@@H](NC(=O)[C@@H](N)C(C)C)C(C)C)C(=O)O,C(CCl)Cl,2,1
305,VVGP,CC(C)[C@H](N)C(=O)N[C@H](C(=O)NCC(=O)N1CCC[C@H]1C(=O)O)C(C)C,C(CCl)Cl,2,1
306,VVGG,CC(C)[C@H](N)C(=O)N[C@H](C(=O)NCC(=O)NCC(=O)O)C(C)C,C(CCl)Cl,2,1
307,VVGV,CC(C)[C@H](N)C(=O)N[C@H](C(=O)NCC(=O)N[C@H](C(=O)O)C(C)C)C(C)C,C(CCl)Cl,2,1
308,VVGA,CC(C)[C@H](N)C(=O)N[C@H](C(=O)NCC(=O)N[C@@H](C)C(=O)O)C(C)C,C(CCl)Cl,2,1
309,VVGL,CC(C)C[C@H](NC(=O)CNC(=O)[C@@H](NC(=O)[C@@H](N)C(C)C)C(C)C)C(=O)O,C(CCl)Cl,1,1
310,VVVP,CC(C)[C@H](N)C(=O)N[C@H](C(=O)N[C@H](C(=O)N1CCC[C@H]1C(=O)O)C(C)C)C(C)C,C(CCl)Cl,2,1
311,VVVG,CC(C)[C@H](N)C(=O)N[C@H](C(=O)N[C@H](C(=O)NCC(=O)O)C(C)C)C(C)C,C(CCl)Cl,2,1
312,VVVV,CC(C)[C@H](N)C(=O)N[C@H](C(=O)N[C@H](C(=O)N[C@H](C(=O)O)C(C)C)C(C)C)C(C)C,C(CCl)Cl,2,1
313,VVVA,CC(C)[C@H](N)C(=O)N[C@H](C(=O)N[C@H](C(=O)N[C@@H](C)C(=O)O)C(C)C)C(C)C,C(CCl)Cl,2,1
314,VVVL,CC(C)C[C@H](NC(=O)[C@@H](NC(=O)[C@@H](NC(=O)[C@@H](N)C(C)C)C(C)C)C(C)C)C(=O)O,C(CCl)Cl,1,1
315,VVAP,CC(C)[C@H](N)C(=O)N[C@H](C(=O)N[C@@H](C)C(=O)N1CCC[C@H]1C(=O)O)C(C)C,C(CCl)Cl,2,1
316,VVAG,CC(C)[C@H](N)C(=O)N[C@H](C(=O)N[C@@H](C)C(=O)NCC(=O)O)C(C)C,C(CCl)Cl,2,1
317,VVAV,CC(C)[C@H](N)C(=O)N[C@H](C(=O)N[C@@H](C)C(=O)N[C@H](C(=O)O)C(C)C)C(C)C,C(CCl)Cl,2,1
318,VVAA,CC(C)[C@H](N)C(=O)N[C@H](C(=O)N[C@@H](C)C(=O)N[C@@H](C)C(=O)O)C(C)C,C(CCl)Cl,2,1
319,VVAL,CC(C)C[C@H](NC(=O)[C@H](C)NC(=O)[C@@H](NC(=O)[C@@H](N)C(C)C)C(C)C)C(=O)O,C(CCl)Cl,1,1
320,VVLP,CC(C)C[C@H](NC(=O)[C@@H](NC(=O)[C@@H](N)C(C)C)C(C)C)C(=O)N1CCC[C@H]1C(=O)O,C(CCl)Cl,2,1
321,VVLG,CC(C)C[C@H](NC(=O)[C@@H](NC(=O)[C@@H](N)C(C)C)C(C)C)C(=O)NCC(=O)O,C(CCl)Cl,2,1
322,VVLV,CC(C)C[C@H](NC(=O)[C@@H](NC(=O)[C@@H](N)C(C)C)C(C)C)C(=O)N[C@H](C(=O)O)C(C)C,C(CCl)Cl,1,1
323,VVLA,CC(C)C[C@H](NC(=O)[C@@H](NC(=O)[C@@H](N)C(C)C)C(C)C)C(=O)N[C@@H](C)C(=O)O,C(CCl)Cl,2,1
324,VVLL,CC(C)C[C@H](NC(=O)[C@H](CC(C)C)NC(=O)[C@@H](NC(=O)[C@@H](N)C(C)C)C(C)C)C(=O)O,C(CCl)Cl,1,1
325,VAPP,CC(C)[C@H](N)C(=O)N[C@@H](C)C(=O)N1CCC[C@H]1C(=O)N1CCC[C@H]1C(=O)O,C(CCl)Cl,2,1
326,VAPG,CC(C)[C@H](N)C(=O)N[C@@H](C)C(=O)N1CCC[C@H]1C(=O)NCC(=O)O,C(CCl)Cl,2,1
327,VAPV,CC(C)[C@H](N)C(=O)N[C@@H](C)C(=O)N1CCC[C@H]1C(=O)N[C@H](C(=O)O)C(C)C,C(CCl)Cl,0,1
328,VAPA,CC(C)[C@H](N)C(=O)N[C@@H](C)C(=O)N1CCC[C@H]1C(=O)N[C@@H](C)C(=O)O,C(CCl)Cl,2,1
329,VAPL,CC(C)C[C@H](NC(=O)[C@@H]1CCCN1C(=O)[C@H](C)NC(=O)[C@@H](N)C(C)C)C(=O)O,C(CCl)Cl,0,1
330,VAGP,CC(C)[C@H](N)C(=O)N[C@@H](C)C(=O)NCC(=O)N1CCC[C@H]1C(=O)O,C(CCl)Cl,2,1
331,VAGG,CC(C)[C@H](N)C(=O)N[C@@H](C)C(=O)NCC(=O)NCC(=O)O,C(CCl)Cl,2,2
332,VAGV,CC(C)[C@H](N)C(=O)N[C@@H](C)C(=O)NCC(=O)N[C@H](C(=O)O)C(C)C,C(CCl)Cl,2,1
333,VAGA,CC(C)[C@H](N)C(=O)N[C@@H](C)C(=O)NCC(=O)N[C@@H](C)C(=O)O,C(CCl)Cl,2,1
334,VAGL,CC(C)C[C@H](NC(=O)CNC(=O)[C@H](C)NC(=O)[C@@H](N)C(C)C)C(=O)O,C(CCl)Cl,2,1
335,VAVP,CC(C)[C@H](N)C(=O)N[C@@H](C)C(=O)N[C@H](C(=O)N1CCC[C@H]1C(=O)O)C(C)C,C(CCl)Cl,2,1
336,VAVG,CC(C)[C@H](N)C(=O)N[C@@H](C)C(=O)N[C@H](C(=O)NCC(=O)O)C(C)C,C(CCl)Cl,2,1
337,VAVV,CC(C)[C@H](N)C(=O)N[C@@H](C)C(=O)N[C@H](C(=O)N[C@H](C(=O)O)C(C)C)C(C)C,C(CCl)Cl,2,1
338,VAVA,CC(C)[C@H](N)C(=O)N[C@@H](C)C(=O)N[C@H](C(=O)N[C@@H](C)C(=O)O)C(C)C,C(CCl)Cl,2,1
339,VAVL,CC(C)C[C@H](NC(=O)[C@@H](NC(=O)[C@H](C)NC(=O)[C@@H](N)C(C)C)C(C)C)C(=O)O,C(CCl)Cl,0,1
340,VAAP,CC(C)[C@H](N)C(=O)N[C@@H](C)C(=O)N[C@@H](C)C(=O)N1CCC[C@H]1C(=O)O,C(CCl)Cl,2,1
341,VAAG,CC(C)[C@H](N)C(=O)N[C@@H](C)C(=O)N[C@@H](C)C(=O)NCC(=O)O,C(CCl)Cl,2,1
342,VAAV,CC(C)[C@H](N)C(=O)N[C@@H](C)C(=O)N[C@@H](C)C(=O)N[C@H](C(=O)O)C(C)C,C(CCl)Cl,2,1
343,VAAA,CC(C)[C@H](N)C(=O)N[C@@H](C)C(=O)N[C@@H](C)C(=O)N[C@@H](C)C(=O)O,C(CCl)Cl,2,1
344,VAAL,CC(C)C[C@H](NC(=O)[C@H](C)NC(=O)[C@H](C)NC(=O)[C@@H](N)C(C)C)C(=O)O,C(CCl)Cl,2,1
345,VALP,CC(C)C[C@H](NC(=O)[C@H](C)NC(=O)[C@@H](N)C(C)C)C(=O)N1CCC[C@H]1C(=O)O,C(CCl)Cl,2,1
346,VALG,CC(C)C[C@H](NC(=O)[C@H](C)NC(=O)[C@@H](N)C(C)C)C(=O)NCC(=O)O,C(CCl)Cl,2,1
347,VALV,CC(C)C[C@H](NC(=O)[C@H](C)NC(=O)[C@@H](N)C(C)C)C(=O)N[C@H](C(=O)O)C(C)C,C(CCl)Cl,2,1
348,VALA,CC(C)C[C@H](NC(=O)[C@H](C)NC(=O)[C@@H](N)C(C)C)C(=O)N[C@@H](C)C(=O)O,C(CCl)Cl,2,1
349,VALL,CC(C)C[C@H](NC(=O)[C@H](CC(C)C)NC(=O)[C@H](C)NC(=O)[C@@H](N)C(C)C)C(=O)O,C(CCl)Cl,2,1
350,VLPP,CC(C)C[C@H](NC(=O)[C@@H](N)C(C)C)C(=O)N1CCC[C@H]1C(=O)N1CCC[C@H]1C(=O)O,C(CCl)Cl,2,1
351,VLPG,CC(C)C[C@H](NC(=O)[C@@H](N)C(C)C)C(=O)N1CCC[C@H]1C(=O)NCC(=O)O,C(CCl)Cl,2,1
352,VLPV,CC(C)C[C@H](NC(=O)[C@@H](N)C(C)C)C(=O)N1CCC[C@H]1C(=O)N[C@H](C(=O)O)C(C)C,C(CCl)Cl,1,1
353,VLPA,CC(C)C[C@H](NC(=O)[C@@H](N)C(C)C)C(=O)N1CCC[C@H]1C(=O)N[C@@H](C)C(=O)O,C(CCl)Cl,2,1
354,VLPL,CC(C)C[C@H](NC(=O)[C@@H]1CCCN1C(=O)[C@H](CC(C)C)NC(=O)[C@@H](N)C(C)C)C(=O)O,C(CCl)Cl,1,1
355,VLGP,CC(C)C[C@H](NC(=O)[C@@H](N)C(C)C)C(=O)NCC(=O)N1CCC[C@H]1C(=O)O,C(CCl)Cl,2,2
356,VLGG,CC(C)C[C@H](NC(=O)[C@@H](N)C(C)C)C(=O)NCC(=O)NCC(=O)O,C(CCl)Cl,2,2
357,VLGV,CC(C)C[C@H](NC(=O)[C@@H](N)C(C)C)C(=O)NCC(=O)N[C@H](C(=O)O)C(C)C,C(CCl)Cl,2,1
358,VLGA,CC(C)C[C@H](NC(=O)[C@@H](N)C(C)C)C(=O)NCC(=O)N[C@@H](C)C(=O)O,C(CCl)Cl,2,1
359,VLGL,CC(C)C[C@H](NC(=O)CNC(=O)[C@H](CC(C)C)NC(=O)[C@@H](N)C(C)C)C(=O)O,C(CCl)Cl,1,1
360,VLVP,CC(C)C[C@H](NC(=O)[C@@H](N)C(C)C)C(=O)N[C@H](C(=O)N1CCC[C@H]1C(=O)O)C(C)C,C(CCl)Cl,2,1
361,VLVG,CC(C)C[C@H](NC(=O)[C@@H](N)C(C)C)C(=O)N[C@H](C(=O)NCC(=O)O)C(C)C,C(CCl)Cl,2,2
362,VLVV,CC(C)C[C@H](NC(=O)[C@@H](N)C(C)C)C(=O)N[C@H](C(=O)N[C@H](C(=O)O)C(C)C)C(C)C,C(CCl)Cl,2,1
363,VLVA,CC(C)C[C@H](NC(=O)[C@@H](N)C(C)C)C(=O)N[C@H](C(=O)N[C@@H](C)C(=O)O)C(C)C,C(CCl)Cl,2,2
364,VLVL,CC(C)C[C@H](NC(=O)[C@@H](NC(=O)[C@H](CC(C)C)NC(=O)[C@@H](N)C(C)C)C(C)C)C(=O)O,C(CCl)Cl,1,1
365,VLAP,CC(C)C[C@H](NC(=O)[C@@H](N)C(C)C)C(=O)N[C@@H](C)C(=O)N1CCC[C@H]1C(=O)O,C(CCl)Cl,2,1
366,VLAG,CC(C)C[C@H](NC(=O)[C@@H](N)C(C)C)C(=O)N[C@@H](C)C(=O)NCC(=O)O,C(CCl)Cl,2,1
367,VLAV,CC(C)C[C@H](NC(=O)[C@@H](N)C(C)C)C(=O)N[C@@H](C)C(=O)N[C@H](C(=O)O)C(C)C,C(CCl)Cl,2,1
368,VLAA,CC(C)C[C@H](NC(=O)[C@@H](N)C(C)C)C(=O)N[C@@H](C)C(=O)N[C@@H](C)C(=O)O,C(CCl)Cl,2,1
369,VLAL,CC(C)C[C@H](NC(=O)[C@H](C)NC(=O)[C@H](CC(C)C)NC(=O)[C@@H](N)C(C)C)C(=O)O,C(CCl)Cl,0,1
370,VLLP,CC(C)C[C@H](NC(=O)[C@@H](N)C(C)C)C(=O)N[C@@H](CC(C)C)C(=O)N1CCC[C@H]1C(=O)O,C(CCl)Cl,1,0
371,VLLG,CC(C)C[C@H](NC(=O)[C@H](CC(C)C)NC(=O)[C@@H](N)C(C)C)C(=O)NCC(=O)O,C(CCl)Cl,2,1
372,VLLV,CC(C)C[C@H](NC(=O)[C@H](CC(C)C)NC(=O)[C@@H](N)C(C)C)C(=O)N[C@H](C(=O)O)C(C)C,C(CCl)Cl,1,1
373,VLLA,CC(C)C[C@H](NC(=O)[C@H](CC(C)C)NC(=O)[C@@H](N)C(C)C)C(=O)N[C@@H](C)C(=O)O,C(CCl)Cl,2,1
374,VLLL,CC(C)C[C@H](NC(=O)[C@H](CC(C)C)NC(=O)[C@H](CC(C)C)NC(=O)[C@@H](N)C(C)C)C(=O)O,C(CCl)Cl,2,1
375,APPP,C[C@H](N)C(=O)N1CCC[C@H]1C(=O)N1CCC[C@H]1C(=O)N1CCC[C@H]1C(=O)O,C(CCl)Cl,2,1
376,APPG,C[C@H](N)C(=O)N1CCC[C@H]1C(=O)N1CCC[C@H]1C(=O)NCC(=O)O,C(CCl)Cl,2,1
377,APPV,CC(C)[C@H](NC(=O)[C@@H]1CCCN1C(=O)[C@@H]1CCCN1C(=O)[C@H](C)N)C(=O)O,C(CCl)Cl,2,1
378,APPA,C[C@H](N)C(=O)N1CCC[C@H]1C(=O)N1CCC[C@H]1C(=O)N[C@@H](C)C(=O)O,C(CCl)Cl,2,1
379,APPL,CC(C)C[C@H](NC(=O)[C@@H]1CCCN1C(=O)[C@@H]1CCCN1C(=O)[C@H](C)N)C(=O)O,C(CCl)Cl,2,1
380,APGP,C[C@H](N)C(=O)N1CCC[C@H]1C(=O)NCC(=O)N1CCC[C@H]1C(=O)O,C(CCl)Cl,1,1
381,APGG,C[C@H](N)C(=O)N1CCC[C@H]1C(=O)NCC(=O)NCC(=O)O,C(CCl)Cl,2,1
382,APGV,CC(C)[C@H](NC(=O)CNC(=O)[C@@H]1CCCN1C(=O)[C@H](C)N)C(=O)O,C(CCl)Cl,2,1
383,APGA,C[C@H](N)C(=O)N1CCC[C@H]1C(=O)NCC(=O)N[C@@H](C)C(=O)O,C(CCl)Cl,2,1
384,APGL,CC(C)C[C@H](NC(=O)CNC(=O)[C@@H]1CCCN1C(=O)[C@H](C)N)C(=O)O,C(CCl)Cl,2,1
385,APVP,CC(C)[C@H](NC(=O)[C@@H]1CCCN1C(=O)[C@H](C)N)C(=O)N1CCC[C@H]1C(=O)O,C(CCl)Cl,2,1
386,APVG,CC(C)[C@H](NC(=O)[C@@H]1CCCN1C(=O)[C@H](C)N)C(=O)NCC(=O)O,C(CCl)Cl,2,2
387,APVV,CC(C)[C@H](NC(=O)[C@@H](NC(=O)[C@@H]1CCCN1C(=O)[C@H](C)N)C(C)C)C(=O)O,C(CCl)Cl,2,1
388,APVA,CC(C)[C@H](NC(=O)[C@@H]1CCCN1C(=O)[C@H](C)N)C(=O)N[C@@H](C)C(=O)O,C(CCl)Cl,2,1
389,APVL,CC(C)C[C@H](NC(=O)[C@@H](NC(=O)[C@@H]1CCCN1C(=O)[C@H](C)N)C(C)C)C(=O)O,C(CCl)Cl,2,1
390,APAP,C[C@H](N)C(=O)N1CCC[C@H]1C(=O)N[C@@H](C)C(=O)N1CCC[C@H]1C(=O)O,C(CCl)Cl,2,1
391,APAG,C[C@H](N)C(=O)N1CCC[C@H]1C(=O)N[C@@H](C)C(=O)NCC(=O)O,C(CCl)Cl,2,2
392,APAV,CC(C)[C@H](NC(=O)[C@H](C)NC(=O)[C@@H]1CCCN1C(=O)[C@H](C)N)C(=O)O,C(CCl)Cl,2,1
393,APAA,C[C@H](N)C(=O)N1CCC[C@H]1C(=O)N[C@@H](C)C(=O)N[C@@H](C)C(=O)O,C(CCl)Cl,2,1
394,APAL,CC(C)C[C@H](NC(=O)[C@H](C)NC(=O)[C@@H]1CCCN1C(=O)[C@H](C)N)C(=O)O,C(CCl)Cl,2,1
395,APLP,CC(C)C[C@H](NC(=O)[C@@H]1CCCN1C(=O)[C@H](C)N)C(=O)N1CCC[C@H]1C(=O)O,C(CCl)Cl,2,1
396,APLG,CC(C)C[C@H](NC(=O)[C@@H]1CCCN1C(=O)[C@H](C)N)C(=O)NCC(=O)O,C(CCl)Cl,2,1
397,APLV,CC(C)C[C@H](NC(=O)[C@@H]1CCCN1C(=O)[C@H](C)N)C(=O)N[C@H](C(=O)O)C(C)C,C(CCl)Cl,2,1
398,APLA,CC(C)C[C@H](NC(=O)[C@@H]1CCCN1C(=O)[C@H](C)N)C(=O)N[C@@H](C)C(=O)O,C(CCl)Cl,2,1
399,APLL,CC(C)C[C@H](NC(=O)[C@H](CC(C)C)NC(=O)[C@@H]1CCCN1C(=O)[C@H](C)N)C(=O)O,C(CCl)Cl,2,1
400,AGPP,C[C@H](N)C(=O)NCC(=O)N1CCC[C@H]1C(=O)N1CCC[C@H]1C(=O)O,C(CCl)Cl,2,1
401,AGPG,C[C@H](N)C(=O)NCC(=O)N1CCC[C@H]1C(=O)NCC(=O)O,C(CCl)Cl,2,2
402,AGPV,CC(C)[C@H](NC(=O)[C@@H]1CCCN1C(=O)CNC(=O)[C@H](C)N)C(=O)O,C(CCl)Cl,2,1
403,AGPA,C[C@H](N)C(=O)NCC(=O)N1CCC[C@H]1C(=O)N[C@@H](C)C(=O)O,C(CCl)Cl,2,1
404,AGPL,CC(C)C[C@H](NC(=O)[C@@H]1CCCN1C(=O)CNC(=O)[C@H](C)N)C(=O)O,C(CCl)Cl,2,1
405,AGGP,C[C@H](N)C(=O)NCC(=O)NCC(=O)N1CCC[C@H]1C(=O)O,C(CCl)Cl,2,1
406,AGGG,C[C@H](N)C(=O)NCC(=O)NCC(=O)NCC(=O)O,C(CCl)Cl,2,1
407,AGGV,CC(C)[C@H](NC(=O)CNC(=O)CNC(=O)[C@H](C)N)C(=O)O,C(CCl)Cl,2,1
408,AGGA,C[C@H](N)C(=O)NCC(=O)NCC(=O)N[C@@H](C)C(=O)O,C(CCl)Cl,2,1
409,AGGL,CC(C)C[C@H](NC(=O)CNC(=O)CNC(=O)[C@H](C)N)C(=O)O,C(CCl)Cl,2,1
410,AGVP,CC(C)[C@H](NC(=O)CNC(=O)[C@H](C)N)C(=O)N1CCC[C@H]1C(=O)O,C(CCl)Cl,2,1
411,AGVG,CC(C)[C@H](NC(=O)CNC(=O)[C@H](C)N)C(=O)NCC(=O)O,C(CCl)Cl,2,1
412,AGVV,CC(C)[C@H](NC(=O)[C@@H](NC(=O)CNC(=O)[C@H](C)N)C(C)C)C(=O)O,C(CCl)Cl,2,1
413,AGVA,CC(C)[C@H](NC(=O)CNC(=O)[C@H](C)N)C(=O)N[C@@H](C)C(=O)O,C(CCl)Cl,2,1
414,AGVL,CC(C)C[C@H](NC(=O)[C@@H](NC(=O)CNC(=O)[C@H](C)N)C(C)C)C(=O)O,C(CCl)Cl,2,1
415,AGAP,C[C@H](N)C(=O)NCC(=O)N[C@@H](C)C(=O)N1CCC[C@H]1C(=O)O,C(CCl)Cl,2,1
416,AGAG,C[C@H](N)C(=O)NCC(=O)N[C@@H](C)C(=O)NCC(=O)O,C(CCl)Cl,2,1
417,AGAV,CC(C)[C@H](NC(=O)[C@H](C)NC(=O)CNC(=O)[C@H](C)N)C(=O)O,C(CCl)Cl,2,1
418,AGAA,C[C@H](N)C(=O)NCC(=O)N[C@@H](C)C(=O)N[C@@H](C)C(=O)O,C(CCl)Cl,2,1
419,AGAL,CC(C)C[C@H](NC(=O)[C@H](C)NC(=O)CNC(=O)[C@H](C)N)C(=O)O,C(CCl)Cl,2,1
420,AGLP,CC(C)C[C@H](NC(=O)CNC(=O)[C@H](C)N)C(=O)N1CCC[C@H]1C(=O)O,C(CCl)Cl,2,1
421,AGLG,CC(C)C[C@H](NC(=O)CNC(=O)[C@H](C)N)C(=O)NCC(=O)O,C(CCl)Cl,2,1
422,AGLV,CC(C)C[C@H](NC(=O)CNC(=O)[C@H](C)N)C(=O)N[C@H](C(=O)O)C(C)C,C(CCl)Cl,2,1
423,AGLA,CC(C)C[C@H](NC(=O)CNC(=O)[C@H](C)N)C(=O)N[C@@H](C)C(=O)O,C(CCl)Cl,2,1
424,AGLL,CC(C)C[C@H](NC(=O)[C@H](CC(C)C)NC(=O)CNC(=O)[C@H](C)N)C(=O)O,C(CCl)Cl,2,1
425,AVPP,CC(C)[C@H](NC(=O)[C@H](C)N)C(=O)N1CCC[C@H]1C(=O)N1CCC[C@H]1C(=O)O,C(CCl)Cl,2,1
426,AVPG,CC(C)[C@H](NC(=O)[C@H](C)N)C(=O)N1CCC[C@H]1C(=O)NCC(=O)O,C(CCl)Cl,2,2
427,AVPV,CC(C)[C@H](NC(=O)[C@@H]1CCCN1C(=O)[C@@H](NC(=O)[C@H](C)N)C(C)C)C(=O)O,C(CCl)Cl,2,1
428,AVPA,CC(C)[C@H](NC(=O)[C@H](C)N)C(=O)N1CCC[C@H]1C(=O)N[C@@H](C)C(=O)O,C(CCl)Cl,2,1
429,AVPL,CC(C)C[C@H](NC(=O)[C@@H]1CCCN1C(=O)[C@@H](NC(=O)[C@H](C)N)C(C)C)C(=O)O,C(CCl)Cl,2,1
430,AVGP,CC(C)[C@H](NC(=O)[C@H](C)N)C(=O)NCC(=O)N1CCC[C@H]1C(=O)O,C(CCl)Cl,2,1
431,AVGG,CC(C)[C@H](NC(=O)[C@H](C)N)C(=O)NCC(=O)NCC(=O)O,C(CCl)Cl,2,2
432,AVGV,CC(C)[C@H](NC(=O)CNC(=O)[C@@H](NC(=O)[C@H](C)N)C(C)C)C(=O)O,C(CCl)Cl,2,1
433,AVGA,CC(C)[C@H](NC(=O)[C@H](C)N)C(=O)NCC(=O)N[C@@H](C)C(=O)O,C(CCl)Cl,2,1
434,AVGL,CC(C)C[C@H](NC(=O)CNC(=O)[C@@H](NC(=O)[C@H](C)N)C(C)C)C(=O)O,C(CCl)Cl,0,1
435,AVVP,CC(C)[C@H](NC(=O)[C@H](C)N)C(=O)N[C@H](C(=O)N1CCC[C@H]1C(=O)O)C(C)C,C(CCl)Cl,2,1
436,AVVG,CC(C)[C@H](NC(=O)[C@H](C)N)C(=O)N[C@H](C(=O)NCC(=O)O)C(C)C,C(CCl)Cl,2,1
437,AVVV,CC(C)[C@H](NC(=O)[C@@H](NC(=O)[C@@H](NC(=O)[C@H](C)N)C(C)C)C(C)C)C(=O)O,C(CCl)Cl,2,1
438,AVVA,CC(C)[C@H](NC(=O)[C@H](C)N)C(=O)N[C@H](C(=O)N[C@@H](C)C(=O)O)C(C)C,C(CCl)Cl,2,2
439,AVVL,CC(C)C[C@H](NC(=O)[C@@H](NC(=O)[C@@H](NC(=O)[C@H](C)N)C(C)C)C(C)C)C(=O)O,C(CCl)Cl,2,1
440,AVAP,CC(C)[C@H](NC(=O)[C@H](C)N)C(=O)N[C@@H](C)C(=O)N1CCC[C@H]1C(=O)O,C(CCl)Cl,2,2
441,AVAG,CC(C)[C@H](NC(=O)[C@H](C)N)C(=O)N[C@@H](C)C(=O)NCC(=O)O,C(CCl)Cl,2,2
442,AVAV,CC(C)[C@H](NC(=O)[C@H](C)NC(=O)[C@@H](NC(=O)[C@H](C)N)C(C)C)C(=O)O,C(CCl)Cl,2,1
443,AVAA,CC(C)[C@H](NC(=O)[C@H](C)N)C(=O)N[C@@H](C)C(=O)N[C@@H](C)C(=O)O,C(CCl)Cl,2,1
444,AVAL,CC(C)C[C@H](NC(=O)[C@H](C)NC(=O)[C@@H](NC(=O)[C@H](C)N)C(C)C)C(=O)O,C(CCl)Cl,2,1
445,AVLP,CC(C)C[C@H](NC(=O)[C@@H](NC(=O)[C@H](C)N)C(C)C)C(=O)N1CCC[C@H]1C(=O)O,C(CCl)Cl,2,1
446,AVLG,CC(C)C[C@H](NC(=O)[C@@H](NC(=O)[C@H](C)N)C(C)C)C(=O)NCC(=O)O,C(CCl)Cl,2,2
447,AVLV,CC(C)C[C@H](NC(=O)[C@@H](NC(=O)[C@H](C)N)C(C)C)C(=O)N[C@H](C(=O)O)C(C)C,C(CCl)Cl,2,1
448,AVLA,CC(C)C[C@H](NC(=O)[C@@H](NC(=O)[C@H](C)N)C(C)C)C(=O)N[C@@H](C)C(=O)O,C(CCl)Cl,2,1
449,AVLL,CC(C)C[C@H](NC(=O)[C@H](CC(C)C)NC(=O)[C@@H](NC(=O)[C@H](C)N)C(C)C)C(=O)O,C(CCl)Cl,2,1
450,AAPP,C[C@H](N)C(=O)N[C@@H](C)C(=O)N1CCC[C@H]1C(=O)N1CCC[C@H]1C(=O)O,C(CCl)Cl,2,1
451,AAPG,C[C@H](N)C(=O)N[C@@H](C)C(=O)N1CCC[C@H]1C(=O)NCC(=O)O,C(CCl)Cl,2,2
452,AAPV,CC(C)[C@H](NC(=O)[C@@H]1CCCN1C(=O)[C@H](C)NC(=O)[C@H](C)N)C(=O)O,C(CCl)Cl,2,1
453,AAPA,C[C@H](N)C(=O)N[C@@H](C)C(=O)N1CCC[C@H]1C(=O)N[C@@H](C)C(=O)O,C(CCl)Cl,2,2
454,AAPL,CC(C)C[C@H](NC(=O)[C@@H]1CCCN1C(=O)[C@H](C)NC(=O)[C@H](C)N)C(=O)O,C(CCl)Cl,2,1
455,AAGP,C[C@H](N)C(=O)N[C@@H](C)C(=O)NCC(=O)N1CCC[C@H]1C(=O)O,C(CCl)Cl,2,1
456,AAGG,C[C@H](N)C(=O)N[C@@H](C)C(=O)NCC(=O)NCC(=O)O,C(CCl)Cl,2,2
457,AAGV,CC(C)[C@H](NC(=O)CNC(=O)[C@H](C)NC(=O)[C@H](C)N)C(=O)O,C(CCl)Cl,2,0
458,AAGA,C[C@H](N)C(=O)N[C@@H](C)C(=O)NCC(=O)N[C@@H](C)C(=O)O,C(CCl)Cl,2,1
459,AAGL,CC(C)C[C@H](NC(=O)CNC(=O)[C@H](C)NC(=O)[C@H](C)N)C(=O)O,C(CCl)Cl,2,1
460,AAVP,CC(C)[C@H](NC(=O)[C@H](C)NC(=O)[C@H](C)N)C(=O)N1CCC[C@H]1C(=O)O,C(CCl)Cl,2,1
461,AAVG,CC(C)[C@H](NC(=O)[C@H](C)NC(=O)[C@H](C)N)C(=O)NCC(=O)O,C(CCl)Cl,2,1
462,AAVV,CC(C)[C@H](NC(=O)[C@@H](NC(=O)[C@H](C)NC(=O)[C@H](C)N)C(C)C)C(=O)O,C(CCl)Cl,2,1
463,AAVA,CC(C)[C@H](NC(=O)[C@H](C)NC(=O)[C@H](C)N)C(=O)N[C@@H](C)C(=O)O,C(CCl)Cl,2,1
464,AAVL,CC(C)C[C@H](NC(=O)[C@@H](NC(=O)[C@H](C)NC(=O)[C@H](C)N)C(C)C)C(=O)O,C(CCl)Cl,2,1
465,AAAP,C[C@H](N)C(=O)N[C@@H](C)C(=O)N[C@@H](C)C(=O)N1CCC[C@H]1C(=O)O,C(CCl)Cl,2,1
466,AAAG,C[C@H](N)C(=O)N[C@@H](C)C(=O)N[C@@H](C)C(=O)NCC(=O)O,C(CCl)Cl,2,2
467,AAAV,CC(C)[C@H](NC(=O)[C@H](C)NC(=O)[C@H](C)NC(=O)[C@H](C)N)C(=O)O,C(CCl)Cl,2,1
468,AAAA,C[C@H](N)C(=O)N[C@@H](C)C(=O)N[C@@H](C)C(=O)N[C@@H](C)C(=O)O,C(CCl)Cl,2,1
469,AAAL,CC(C)C[C@H](NC(=O)[C@H](C)NC(=O)[C@H](C)NC(=O)[C@H](C)N)C(=O)O,C(CCl)Cl,2,1
470,AALP,CC(C)C[C@H](NC(=O)[C@H](C)NC(=O)[C@H](C)N)C(=O)N1CCC[C@H]1C(=O)O,C(CCl)Cl,2,1
471,AALG,CC(C)C[C@H](NC(=O)[C@H](C)NC(=O)[C@H](C)N)C(=O)NCC(=O)O,C(CCl)Cl,2,2
472,AALV,CC(C)C[C@H](NC(=O)[C@H](C)NC(=O)[C@H](C)N)C(=O)N[C@H](C(=O)O)C(C)C,C(CCl)Cl,2,1
473,AALA,CC(C)C[C@H](NC(=O)[C@H](C)NC(=O)[C@H](C)N)C(=O)N[C@@H](C)C(=O)O,C(CCl)Cl,2,1
474,AALL,CC(C)C[C@H](NC(=O)[C@H](CC(C)C)NC(=O)[C@H](C)NC(=O)[C@H](C)N)C(=O)O,C(CCl)Cl,2,1
475,ALPP,CC(C)C[C@H](NC(=O)[C@H](C)N)C(=O)N1CCC[C@H]1C(=O)N1CCC[C@H]1C(=O)O,C(CCl)Cl,2,1
476,ALPG,CC(C)C[C@H](NC(=O)[C@H](C)N)C(=O)N1CCC[C@H]1C(=O)NCC(=O)O,C(CCl)Cl,2,2
477,ALPV,CC(C)C[C@H](NC(=O)[C@H](C)N)C(=O)N1CCC[C@H]1C(=O)N[C@H](C(=O)O)C(C)C,C(CCl)Cl,2,1
478,ALPA,CC(C)C[C@H](NC(=O)[C@H](C)N)C(=O)N1CCC[C@H]1C(=O)N[C@@H](C)C(=O)O,C(CCl)Cl,2,2
479,ALPL,CC(C)C[C@H](NC(=O)[C@@H]1CCCN1C(=O)[C@H](CC(C)C)NC(=O)[C@H](C)N)C(=O)O,C(CCl)Cl,2,1
480,ALGP,CC(C)C[C@H](NC(=O)[C@H](C)N)C(=O)NCC(=O)N1CCC[C@H]1C(=O)O,C(CCl)Cl,2,2
481,ALGG,CC(C)C[C@H](NC(=O)[C@H](C)N)C(=O)NCC(=O)NCC(=O)O,C(CCl)Cl,2,2
482,ALGV,CC(C)C[C@H](NC(=O)[C@H](C)N)C(=O)NCC(=O)N[C@H](C(=O)O)C(C)C,C(CCl)Cl,2,1
483,ALGA,CC(C)C[C@H](NC(=O)[C@H](C)N)C(=O)NCC(=O)N[C@@H](C)C(=O)O,C(CCl)Cl,2,2
484,ALGL,CC(C)C[C@H](NC(=O)CNC(=O)[C@H](CC(C)C)NC(=O)[C@H](C)N)C(=O)O,C(CCl)Cl,1,1
485,ALVP,CC(C)C[C@H](NC(=O)[C@H](C)N)C(=O)N[C@H](C(=O)N1CCC[C@H]1C(=O)O)C(C)C,C(CCl)Cl,2,1
486,ALVG,CC(C)C[C@H](NC(=O)[C@H](C)N)C(=O)N[C@H](C(=O)NCC(=O)O)C(C)C,C(CCl)Cl,2,2
487,ALVV,CC(C)C[C@H](NC(=O)[C@H](C)N)C(=O)N[C@H](C(=O)N[C@H](C(=O)O)C(C)C)C(C)C,C(CCl)Cl,2,1
488,ALVA,CC(C)C[C@H](NC(=O)[C@H](C)N)C(=O)N[C@H](C(=O)N[C@@H](C)C(=O)O)C(C)C,C(CCl)Cl,2,1
489,ALVL,CC(C)C[C@H](NC(=O)[C@@H](NC(=O)[C@H](CC(C)C)NC(=O)[C@H](C)N)C(C)C)C(=O)O,C(CCl)Cl,2,1
490,ALAP,CC(C)C[C@H](NC(=O)[C@H](C)N)C(=O)N[C@@H](C)C(=O)N1CCC[C@H]1C(=O)O,C(CCl)Cl,2,1
491,ALAG,CC(C)C[C@H](NC(=O)[C@H](C)N)C(=O)N[C@@H](C)C(=O)NCC(=O)O,C(CCl)Cl,2,2
492,ALAV,CC(C)C[C@H](NC(=O)[C@H](C)N)C(=O)N[C@@H](C)C(=O)N[C@H](C(=O)O)C(C)C,C(CCl)Cl,2,1
493,ALAA,CC(C)C[C@H](NC(=O)[C@H](C)N)C(=O)N[C@@H](C)C(=O)N[C@@H](C)C(=O)O,C(CCl)Cl,2,2
494,ALAL,CC(C)C[C@H](NC(=O)[C@H](C)NC(=O)[C@H](CC(C)C)NC(=O)[C@H](C)N)C(=O)O,C(CCl)Cl,2,1
495,ALLP,CC(C)C[C@H](NC(=O)[C@H](C)N)C(=O)N[C@@H](CC(C)C)C(=O)N1CCC[C@H]1C(=O)O,C(CCl)Cl,2,1
496,ALLG,CC(C)C[C@H](NC(=O)[C@H](C)N)C(=O)N[C@@H](CC(C)C)C(=O)NCC(=O)O,C(CCl)Cl,2,1
497,ALLV,CC(C)C[C@H](NC(=O)[C@H](C)N)C(=O)N[C@@H](CC(C)C)C(=O)N[C@H](C(=O)O)C(C)C,C(CCl)Cl,2,1
498,ALLA,CC(C)C[C@H](NC(=O)[C@H](C)N)C(=O)N[C@@H](CC(C)C)C(=O)N[C@@H](C)C(=O)O,C(CCl)Cl,2,2
499,ALLL,CC(C)C[C@H](NC(=O)[C@H](CC(C)C)NC(=O)[C@H](CC(C)C)NC(=O)[C@H](C)N)C(=O)O,C(CCl)Cl,2,1
500,LPPP,CC(C)C[C@H](N)C(=O)N1CCC[C@H]1C(=O)N1CCC[C@H]1C(=O)N1CCC[C@H]1C(=O)O,C(CCl)Cl,2,1
501,LPPG,CC(C)C[C@H](N)C(=O)N1CCC[C@H]1C(=O)N1CCC[C@H]1C(=O)NCC(=O)O,C(CCl)Cl,2,1
502,LPPV,CC(C)C[C@H](N)C(=O)N1CCC[C@H]1C(=O)N1CCC[C@H]1C(=O)N[C@H](C(=O)O)C(C)C,C(CCl)Cl,0,1
503,LPPA,CC(C)C[C@H](N)C(=O)N1CCC[C@H]1C(=O)N1CCC[C@H]1C(=O)N[C@@H](C)C(=O)O,C(CCl)Cl,2,1
504,LPPL,CC(C)C[C@H](NC(=O)[C@@H]1CCCN1C(=O)[C@@H]1CCCN1C(=O)[C@@H](N)CC(C)C)C(=O)O,C(CCl)Cl,1,1
505,LPGP,CC(C)C[C@H](N)C(=O)N1CCC[C@H]1C(=O)NCC(=O)N1CCC[C@H]1C(=O)O,C(CCl)Cl,2,1
506,LPGG,CC(C)C[C@H](N)C(=O)N1CCC[C@H]1C(=O)NCC(=O)NCC(=O)O,C(CCl)Cl,2,1
507,LPGV,CC(C)C[C@H](N)C(=O)N1CCC[C@H]1C(=O)NCC(=O)N[C@H](C(=O)O)C(C)C,C(CCl)Cl,0,1
508,LPGA,CC(C)C[C@H](N)C(=O)N1CCC[C@H]1C(=O)NCC(=O)N[C@@H](C)C(=O)O,C(CCl)Cl,2,1
509,LPGL,CC(C)C[C@H](NC(=O)CNC(=O)[C@@H]1CCCN1C(=O)[C@@H](N)CC(C)C)C(=O)O,C(CCl)Cl,1,1
510,LPVP,CC(C)C[C@H](N)C(=O)N1CCC[C@H]1C(=O)N[C@H](C(=O)N1CCC[C@H]1C(=O)O)C(C)C,C(CCl)Cl,2,1
511,LPVG,CC(C)C[C@H](N)C(=O)N1CCC[C@H]1C(=O)N[C@H](C(=O)NCC(=O)O)C(C)C,C(CCl)Cl,2,1
512,LPVV,CC(C)C[C@H](N)C(=O)N1CCC[C@H]1C(=O)N[C@H](C(=O)N[C@H](C(=O)O)C(C)C)C(C)C,C(CCl)Cl,1,1
513,LPVA,CC(C)C[C@H](N)C(=O)N1CCC[C@H]1C(=O)N[C@H](C(=O)N[C@@H](C)C(=O)O)C(C)C,C(CCl)Cl,1,1
514,LPVL,CC(C)C[C@H](NC(=O)[C@@H](NC(=O)[C@@H]1CCCN1C(=O)[C@@H](N)CC(C)C)C(C)C)C(=O)O,C(CCl)Cl,0,1
515,LPAP,CC(C)C[C@H](N)C(=O)N1CCC[C@H]1C(=O)N[C@@H](C)C(=O)N1CCC[C@H]1C(=O)O,C(CCl)Cl,2,1
516,LPAG,CC(C)C[C@H](N)C(=O)N1CCC[C@H]1C(=O)N[C@@H](C)C(=O)NCC(=O)O,C(CCl)Cl,2,1
517,LPAV,CC(C)C[C@H](N)C(=O)N1CCC[C@H]1C(=O)N[C@@H](C)C(=O)N[C@H](C(=O)O)C(C)C,C(CCl)Cl,2,1
518,LPAA,CC(C)C[C@H](N)C(=O)N1CCC[C@H]1C(=O)N[C@@H](C)C(=O)N[C@@H](C)C(=O)O,C(CCl)Cl,2,1
519,LPAL,CC(C)C[C@H](NC(=O)[C@H](C)NC(=O)[C@@H]1CCCN1C(=O)[C@@H](N)CC(C)C)C(=O)O,C(CCl)Cl,1,1
520,LPLP,CC(C)C[C@H](NC(=O)[C@@H]1CCCN1C(=O)[C@@H](N)CC(C)C)C(=O)N1CCC[C@H]1C(=O)O,C(CCl)Cl,1,1
521,LPLG,CC(C)C[C@H](NC(=O)[C@@H]1CCCN1C(=O)[C@@H](N)CC(C)C)C(=O)NCC(=O)O,C(CCl)Cl,2,1
522,LPLV,CC(C)C[C@H](NC(=O)[C@@H]1CCCN1C(=O)[C@@H](N)CC(C)C)C(=O)N[C@H](C(=O)O)C(C)C,C(CCl)Cl,0,1
523,LPLA,CC(C)C[C@H](NC(=O)[C@@H]1CCCN1C(=O)[C@@H](N)CC(C)C)C(=O)N[C@@H](C)C(=O)O,C(CCl)Cl,2,1
524,LPLL,CC(C)C[C@H](NC(=O)[C@H](CC(C)C)NC(=O)[C@@H]1CCCN1C(=O)[C@@H](N)CC(C)C)C(=O)O,C(CCl)Cl,1,1
525,LGPP,CC(C)C[C@H](N)C(=O)NCC(=O)N1CCC[C@H]1C(=O)N1CCC[C@H]1C(=O)O,C(CCl)Cl,2,1
526,LGPG,CC(C)C[C@H](N)C(=O)NCC(=O)N1CCC[C@H]1C(=O)NCC(=O)O,C(CCl)Cl,2,1
527,LGPV,CC(C)C[C@H](N)C(=O)NCC(=O)N1CCC[C@H]1C(=O)N[C@H](C(=O)O)C(C)C,C(CCl)Cl,2,1
528,LGPA,CC(C)C[C@H](N)C(=O)NCC(=O)N1CCC[C@H]1C(=O)N[C@@H](C)C(=O)O,C(CCl)Cl,2,1
529,LGPL,CC(C)C[C@H](NC(=O)[C@@H]1CCCN1C(=O)CNC(=O)[C@@H](N)CC(C)C)C(=O)O,C(CCl)Cl,2,1
530,LGGP,CC(C)C[C@H](N)C(=O)NCC(=O)NCC(=O)N1CCC[C@H]1C(=O)O,C(CCl)Cl,2,1
531,LGGG,CC(C)C[C@H](N)C(=O)NCC(=O)NCC(=O)NCC(=O)O,C(CCl)Cl,2,1
532,LGGV,CC(C)C[C@H](N)C(=O)NCC(=O)NCC(=O)N[C@H](C(=O)O)C(C)C,C(CCl)Cl,2,1
533,LGGA,CC(C)C[C@H](N)C(=O)NCC(=O)NCC(=O)N[C@@H](C)C(=O)O,C(CCl)Cl,2,1
534,LGGL,CC(C)C[C@H](NC(=O)CNC(=O)CNC(=O)[C@@H](N)CC(C)C)C(=O)O,C(CCl)Cl,1,1
535,LGVP,CC(C)C[C@H](N)C(=O)NCC(=O)N[C@H](C(=O)N1CCC[C@H]1C(=O)O)C(C)C,C(CCl)Cl,2,1
536,LGVG,CC(C)C[C@H](N)C(=O)NCC(=O)N[C@H](C(=O)NCC(=O)O)C(C)C,C(CCl)Cl,2,1
537,LGVV,CC(C)C[C@H](N)C(=O)NCC(=O)N[C@H](C(=O)N[C@H](C(=O)O)C(C)C)C(C)C,C(CCl)Cl,1,1
538,LGVA,CC(C)C[C@H](N)C(=O)NCC(=O)N[C@H](C(=O)N[C@@H](C)C(=O)O)C(C)C,C(CCl)Cl,2,1
539,LGVL,CC(C)C[C@H](NC(=O)[C@@H](NC(=O)CNC(=O)[C@@H](N)CC(C)C)C(C)C)C(=O)O,C(CCl)Cl,1,1
540,LGAP,CC(C)C[C@H](N)C(=O)NCC(=O)N[C@@H](C)C(=O)N1CCC[C@H]1C(=O)O,C(CCl)Cl,2,1
541,LGAG,CC(C)C[C@H](N)C(=O)NCC(=O)N[C@@H](C)C(=O)NCC(=O)O,C(CCl)Cl,2,1
542,LGAV,CC(C)C[C@H](N)C(=O)NCC(=O)N[C@@H](C)C(=O)N[C@H](C(=O)O)C(C)C,C(CCl)Cl,2,1
543,LGAA,CC(C)C[C@H](N)C(=O)NCC(=O)N[C@@H](C)C(=O)N[C@@H](C)C(=O)O,C(CCl)Cl,2,1
544,LGAL,CC(C)C[C@H](NC(=O)[C@H](C)NC(=O)CNC(=O)[C@@H](N)CC(C)C)C(=O)O,C(CCl)Cl,0,1
545,LGLP,CC(C)C[C@H](NC(=O)CNC(=O)[C@@H](N)CC(C)C)C(=O)N1CCC[C@H]1C(=O)O,C(CCl)Cl,1,1
546,LGLG,CC(C)C[C@H](NC(=O)CNC(=O)[C@@H](N)CC(C)C)C(=O)NCC(=O)O,C(CCl)Cl,2,1
547,LGLV,CC(C)C[C@H](NC(=O)CNC(=O)[C@@H](N)CC(C)C)C(=O)N[C@H](C(=O)O)C(C)C,C(CCl)Cl,2,1
548,LGLA,CC(C)C[C@H](NC(=O)CNC(=O)[C@@H](N)CC(C)C)C(=O)N[C@@H](C)C(=O)O,C(CCl)Cl,2,1
549,LGLL,CC(C)C[C@H](NC(=O)[C@H](CC(C)C)NC(=O)CNC(=O)[C@@H](N)CC(C)C)C(=O)O,C(CCl)Cl,1,1
550,LVPP,CC(C)C[C@H](N)C(=O)N[C@H](C(=O)N1CCC[C@H]1C(=O)N1CCC[C@H]1C(=O)O)C(C)C,C(CCl)Cl,2,1
551,LVPG,CC(C)C[C@H](N)C(=O)N[C@H](C(=O)N1CCC[C@H]1C(=O)NCC(=O)O)C(C)C,C(CCl)Cl,2,2
552,LVPV,CC(C)C[C@H](N)C(=O)N[C@H](C(=O)N1CCC[C@H]1C(=O)N[C@H](C(=O)O)C(C)C)C(C)C,C(CCl)Cl,2,1
553,LVPA,CC(C)C[C@H](N)C(=O)N[C@H](C(=O)N1CCC[C@H]1C(=O)N[C@@H](C)C(=O)O)C(C)C,C(CCl)Cl,2,1
554,LVPL,CC(C)C[C@H](NC(=O)[C@@H]1CCCN1C(=O)[C@@H](NC(=O)[C@@H](N)CC(C)C)C(C)C)C(=O)O,C(CCl)Cl,2,1
555,LVGP,CC(C)C[C@H](N)C(=O)N[C@H](C(=O)NCC(=O)N1CCC[C@H]1C(=O)O)C(C)C,C(CCl)Cl,2,1
556,LVGG,CC(C)C[C@H](N)C(=O)N[C@H](C(=O)NCC(=O)NCC(=O)O)C(C)C,C(CCl)Cl,2,1
557,LVGV,CC(C)C[C@H](N)C(=O)N[C@H](C(=O)NCC(=O)N[C@H](C(=O)O)C(C)C)C(C)C,C(CCl)Cl,2,1
558,LVGA,CC(C)C[C@H](N)C(=O)N[C@H](C(=O)NCC(=O)N[C@@H](C)C(=O)O)C(C)C,C(CCl)Cl,2,1
559,LVGL,CC(C)C[C@H](NC(=O)CNC(=O)[C@@H](NC(=O)[C@@H](N)CC(C)C)C(C)C)C(=O)O,C(CCl)Cl,0,1
560,LVVP,CC(C)C[C@H](N)C(=O)N[C@H](C(=O)N[C@H](C(=O)N1CCC[C@H]1C(=O)O)C(C)C)C(C)C,C(CCl)Cl,2,1
561,LVVG,CC(C)C[C@H](N)C(=O)N[C@H](C(=O)N[C@H](C(=O)NCC(=O)O)C(C)C)C(C)C,C(CCl)Cl,2,1
562,LVVV,CC(C)C[C@H](N)C(=O)N[C@H](C(=O)N[C@H](C(=O)N[C@H](C(=O)O)C(C)C)C(C)C)C(C)C,C(CCl)Cl,1,1
563,LVVA,CC(C)C[C@H](N)C(=O)N[C@H](C(=O)N[C@H](C(=O)N[C@@H](C)C(=O)O)C(C)C)C(C)C,C(CCl)Cl,2,1
564,LVVL,CC(C)C[C@H](NC(=O)[C@@H](NC(=O)[C@@H](NC(=O)[C@@H](N)CC(C)C)C(C)C)C(C)C)C(=O)O,C(CCl)Cl,1,0
565,LVAP,CC(C)C[C@H](N)C(=O)N[C@H](C(=O)N[C@@H](C)C(=O)N1CCC[C@H]1C(=O)O)C(C)C,C(CCl)Cl,1,1
566,LVAG,CC(C)C[C@H](N)C(=O)N[C@H](C(=O)N[C@@H](C)C(=O)NCC(=O)O)C(C)C,C(CCl)Cl,2,1
567,LVAV,CC(C)C[C@H](N)C(=O)N[C@H](C(=O)N[C@@H](C)C(=O)N[C@H](C(=O)O)C(C)C)C(C)C,C(CCl)Cl,2,1
568,LVAA,CC(C)C[C@H](N)C(=O)N[C@H](C(=O)N[C@@H](C)C(=O)N[C@@H](C)C(=O)O)C(C)C,C(CCl)Cl,2,1
569,LVAL,CC(C)C[C@H](NC(=O)[C@H](C)NC(=O)[C@@H](NC(=O)[C@@H](N)CC(C)C)C(C)C)C(=O)O,C(CCl)Cl,1,1
570,LVLP,CC(C)C[C@H](NC(=O)[C@@H](NC(=O)[C@@H](N)CC(C)C)C(C)C)C(=O)N1CCC[C@H]1C(=O)O,C(CCl)Cl,1,1
571,LVLG,CC(C)C[C@H](NC(=O)[C@@H](NC(=O)[C@@H](N)CC(C)C)C(C)C)C(=O)NCC(=O)O,C(CCl)Cl,2,1
572,LVLV,CC(C)C[C@H](NC(=O)[C@@H](NC(=O)[C@@H](N)CC(C)C)C(C)C)C(=O)N[C@H](C(=O)O)C(C)C,C(CCl)Cl,2,1
573,LVLA,CC(C)C[C@H](NC(=O)[C@@H](NC(=O)[C@@H](N)CC(C)C)C(C)C)C(=O)N[C@@H](C)C(=O)O,C(CCl)Cl,2,0
574,LVLL,CC(C)C[C@H](NC(=O)[C@H](CC(C)C)NC(=O)[C@@H](NC(=O)[C@@H](N)CC(C)C)C(C)C)C(=O)O,C(CCl)Cl,1,1
575,LAPP,CC(C)C[C@H](N)C(=O)N[C@@H](C)C(=O)N1CCC[C@H]1C(=O)N1CCC[C@H]1C(=O)O,C(CCl)Cl,1,1
576,LAPG,CC(C)C[C@H](N)C(=O)N[C@@H](C)C(=O)N1CCC[C@H]1C(=O)NCC(=O)O,C(CCl)Cl,2,1
577,LAPV,CC(C)C[C@H](N)C(=O)N[C@@H](C)C(=O)N1CCC[C@H]1C(=O)N[C@H](C(=O)O)C(C)C,C(CCl)Cl,0,1
578,LAPA,CC(C)C[C@H](N)C(=O)N[C@@H](C)C(=O)N1CCC[C@H]1C(=O)N[C@@H](C)C(=O)O,C(CCl)Cl,2,1
579,LAPL,CC(C)C[C@H](NC(=O)[C@@H]1CCCN1C(=O)[C@H](C)NC(=O)[C@@H](N)CC(C)C)C(=O)O,C(CCl)Cl,2,1
580,LAGP,CC(C)C[C@H](N)C(=O)N[C@@H](C)C(=O)NCC(=O)N1CCC[C@H]1C(=O)O,C(CCl)Cl,2,1
581,LAGG,CC(C)C[C@H](N)C(=O)N[C@@H](C)C(=O)NCC(=O)NCC(=O)O,C(CCl)Cl,2,1
582,LAGV,CC(C)C[C@H](N)C(=O)N[C@@H](C)C(=O)NCC(=O)N[C@H](C(=O)O)C(C)C,C(CCl)Cl,0,1
583,LAGA,CC(C)C[C@H](N)C(=O)N[C@@H](C)C(=O)NCC(=O)N[C@@H](C)C(=O)O,C(CCl)Cl,2,1
584,LAGL,CC(C)C[C@H](NC(=O)CNC(=O)[C@H](C)NC(=O)[C@@H](N)CC(C)C)C(=O)O,C(CCl)Cl,2,1
585,LAVP,CC(C)C[C@H](N)C(=O)N[C@@H](C)C(=O)N[C@H](C(=O)N1CCC[C@H]1C(=O)O)C(C)C,C(CCl)Cl,2,1
586,LAVG,CC(C)C[C@H](N)C(=O)N[C@@H](C)C(=O)N[C@H](C(=O)NCC(=O)O)C(C)C,C(CCl)Cl,2,1
587,LAVV,CC(C)C[C@H](N)C(=O)N[C@@H](C)C(=O)N[C@H](C(=O)N[C@H](C(=O)O)C(C)C)C(C)C,C(CCl)Cl,2,1
588,LAVA,CC(C)C[C@H](N)C(=O)N[C@@H](C)C(=O)N[C@H](C(=O)N[C@@H](C)C(=O)O)C(C)C,C(CCl)Cl,2,1
589,LAVL,CC(C)C[C@H](NC(=O)[C@@H](NC(=O)[C@H](C)NC(=O)[C@@H](N)CC(C)C)C(C)C)C(=O)O,C(CCl)Cl,2,1
590,LAAP,CC(C)C[C@H](N)C(=O)N[C@@H](C)C(=O)N[C@@H](C)C(=O)N1CCC[C@H]1C(=O)O,C(CCl)Cl,1,1
591,LAAG,CC(C)C[C@H](N)C(=O)N[C@@H](C)C(=O)N[C@@H](C)C(=O)NCC(=O)O,C(CCl)Cl,2,1
592,LAAV,CC(C)C[C@H](N)C(=O)N[C@@H](C)C(=O)N[C@@H](C)C(=O)N[C@H](C(=O)O)C(C)C,C(CCl)Cl,2,1
593,LAAA,CC(C)C[C@H](N)C(=O)N[C@@H](C)C(=O)N[C@@H](C)C(=O)N[C@@H](C)C(=O)O,C(CCl)Cl,2,1
594,LAAL,CC(C)C[C@H](NC(=O)[C@H](C)NC(=O)[C@H](C)NC(=O)[C@@H](N)CC(C)C)C(=O)O,C(CCl)Cl,1,1
595,LALP,CC(C)C[C@H](NC(=O)[C@H](C)NC(=O)[C@@H](N)CC(C)C)C(=O)N1CCC[C@H]1C(=O)O,C(CCl)Cl,1,1
596,LALG,CC(C)C[C@H](NC(=O)[C@H](C)NC(=O)[C@@H](N)CC(C)C)C(=O)NCC(=O)O,C(CCl)Cl,2,0
597,LALV,CC(C)C[C@H](NC(=O)[C@H](C)NC(=O)[C@@H](N)CC(C)C)C(=O)N[C@H](C(=O)O)C(C)C,C(CCl)Cl,1,0
598,LALA,CC(C)C[C@H](NC(=O)[C@H](C)NC(=O)[C@@H](N)CC(C)C)C(=O)N[C@@H](C)C(=O)O,C(CCl)Cl,2,1
599,LALL,CC(C)C[C@H](NC(=O)[C@H](CC(C)C)NC(=O)[C@H](C)NC(=O)[C@@H](N)CC(C)C)C(=O)O,C(CCl)Cl,1,1
600,LLPP,CC(C)C[C@H](NC(=O)[C@@H](N)CC(C)C)C(=O)N1CCC[C@H]1C(=O)N1CCC[C@H]1C(=O)O,C(CCl)Cl,2,1
601,LLPG,CC(C)C[C@H](NC(=O)[C@@H](N)CC(C)C)C(=O)N1CCC[C@H]1C(=O)NCC(=O)O,C(CCl)Cl,2,1
602,LLPV,CC(C)C[C@H](NC(=O)[C@@H](N)CC(C)C)C(=O)N1CCC[C@H]1C(=O)N[C@H](C(=O)O)C(C)C,C(CCl)Cl,1,1
603,LLPA,CC(C)C[C@H](NC(=O)[C@@H](N)CC(C)C)C(=O)N1CCC[C@H]1C(=O)N[C@@H](C)C(=O)O,C(CCl)Cl,2,1
604,LLPL,CC(C)C[C@H](NC(=O)[C@@H]1CCCN1C(=O)[C@H](CC(C)C)NC(=O)[C@@H](N)CC(C)C)C(=O)O,C(CCl)Cl,2,1
605,LLGP,CC(C)C[C@H](NC(=O)[C@@H](N)CC(C)C)C(=O)NCC(=O)N1CCC[C@H]1C(=O)O,C(CCl)Cl,2,1
606,LLGG,CC(C)C[C@H](NC(=O)[C@@H](N)CC(C)C)C(=O)NCC(=O)NCC(=O)O,C(CCl)Cl,2,1
607,LLGV,CC(C)C[C@H](NC(=O)[C@@H](N)CC(C)C)C(=O)NCC(=O)N[C@H](C(=O)O)C(C)C,C(CCl)Cl,1,1
608,LLGA,CC(C)C[C@H](NC(=O)[C@@H](N)CC(C)C)C(=O)NCC(=O)N[C@@H](C)C(=O)O,C(CCl)Cl,2,1
609,LLGL,CC(C)C[C@H](NC(=O)CNC(=O)[C@H](CC(C)C)NC(=O)[C@@H](N)CC(C)C)C(=O)O,C(CCl)Cl,2,1
610,LLVP,CC(C)C[C@H](NC(=O)[C@@H](N)CC(C)C)C(=O)N[C@H](C(=O)N1CCC[C@H]1C(=O)O)C(C)C,C(CCl)Cl,0,1
611,LLVG,CC(C)C[C@H](NC(=O)[C@@H](N)CC(C)C)C(=O)N[C@H](C(=O)NCC(=O)O)C(C)C,C(CCl)Cl,0,1
612,LLVV,CC(C)C[C@H](NC(=O)[C@@H](N)CC(C)C)C(=O)N[C@H](C(=O)N[C@H](C(=O)O)C(C)C)C(C)C,C(CCl)Cl,1,1
613,LLVA,CC(C)C[C@H](NC(=O)[C@@H](N)CC(C)C)C(=O)N[C@H](C(=O)N[C@@H](C)C(=O)O)C(C)C,C(CCl)Cl,1,1
614,LLVL,CC(C)C[C@H](NC(=O)[C@@H](NC(=O)[C@H](CC(C)C)NC(=O)[C@@H](N)CC(C)C)C(C)C)C(=O)O,C(CCl)Cl,1,0
615,LLAP,CC(C)C[C@H](NC(=O)[C@@H](N)CC(C)C)C(=O)N[C@@H](C)C(=O)N1CCC[C@H]1C(=O)O,C(CCl)Cl,2,1
616,LLAG,CC(C)C[C@H](NC(=O)[C@@H](N)CC(C)C)C(=O)N[C@@H](C)C(=O)NCC(=O)O,C(CCl)Cl,2,1
617,LLAV,CC(C)C[C@H](NC(=O)[C@@H](N)CC(C)C)C(=O)N[C@@H](C)C(=O)N[C@H](C(=O)O)C(C)C,C(CCl)Cl,2,1
618,LLAA,CC(C)C[C@H](NC(=O)[C@@H](N)CC(C)C)C(=O)N[C@@H](C)C(=O)N[C@@H](C)C(=O)O,C(CCl)Cl,2,1
619,LLAL,CC(C)C[C@H](NC(=O)[C@H](C)NC(=O)[C@H](CC(C)C)NC(=O)[C@@H](N)CC(C)C)C(=O)O,C(CCl)Cl,1,1
620,LLLP,CC(C)C[C@H](NC(=O)[C@@H](N)CC(C)C)C(=O)N[C@@H](CC(C)C)C(=O)N1CCC[C@H]1C(=O)O,C(CCl)Cl,1,1
621,LLLG,CC(C)C[C@H](NC(=O)[C@H](CC(C)C)NC(=O)[C@@H](N)CC(C)C)C(=O)NCC(=O)O,C(CCl)Cl,2,1
622,LLLV,CC(C)C[C@H](NC(=O)[C@H](CC(C)C)NC(=O)[C@@H](N)CC(C)C)C(=O)N[C@H](C(=O)O)C(C)C,C(CCl)Cl,1,1
623,LLLA,CC(C)C[C@H](NC(=O)[C@H](CC(C)C)NC(=O)[C@@H](N)CC(C)C)C(=O)N[C@@H](C)C(=O)O,C(CCl)Cl,2,1
624,LLLL,CC(C)C[C@H](NC(=O)[C@H](CC(C)C)NC(=O)[C@H](CC(C)C)NC(=O)[C@@H](N)CC(C)C)C(=O)O,C(CCl)Cl,0,1
