Peptide,pep_smiles,Solvent,Sol_smi,ee,yields
GPLL,CC(C)C[C@H](NC(=O)[C@H](CC(C)C)NC(=O)[C@@H]1CCCN1C(=O)CN)C(=O)O,MeCN,CC#N,58.1,18.2
GPLL,CC(C)C[C@H](NC(=O)[C@H](CC(C)C)NC(=O)[C@@H]1CCCN1C(=O)CN)C(=O)O,MeOH,CO,64.2,10
GPLL,CC(C)C[C@H](NC(=O)[C@H](CC(C)C)NC(=O)[C@@H]1CCCN1C(=O)CN)C(=O)O,iPrOH,CC(C)O,37.2,19.9
GPLL,CC(C)C[C@H](NC(=O)[C@H](CC(C)C)NC(=O)[C@@H]1CCCN1C(=O)CN)C(=O)O,DCM,C(Cl)Cl,39.7,8.1
GPLL,CC(C)C[C@H](NC(=O)[C@H](CC(C)C)NC(=O)[C@@H]1CCCN1C(=O)CN)C(=O)O,DCE,C(CCl)Cl,62.7,3
GGLG,CC(C)C[C@H](NC(=O)CNC(=O)CN)C(=O)NCC(=O)O,MeCN,CC#N,15.9,1.4
GGLG,CC(C)C[C@H](NC(=O)CNC(=O)CN)C(=O)NCC(=O)O,MeOH,CO,0,0
GGLG,CC(C)C[C@H](NC(=O)CNC(=O)CN)C(=O)NCC(=O)O,iPrOH,CC(C)O,26.9,1.1
GGLG,CC(C)C[C@H](NC(=O)CNC(=O)CN)C(=O)NCC(=O)O,DCM,C(Cl)Cl,28.2,7
GGLG,CC(C)C[C@H](NC(=O)CNC(=O)CN)C(=O)NCC(=O)O,DCE,C(CCl)Cl,37.5,3.6
GLAA,CC(C)C[C@H](NC(=O)CN)C(=O)N[C@@H](C)C(=O)N[C@@H](C)C(=O)O,MeCN,CC#N,9.8,0
GLAA,CC(C)C[C@H](NC(=O)CN)C(=O)N[C@@H](C)C(=O)N[C@@H](C)C(=O)O,MeOH,CO,0,0
GLAA,CC(C)C[C@H](NC(=O)CN)C(=O)N[C@@H](C)C(=O)N[C@@H](C)C(=O)O,iPrOH,CC(C)O,15.4,0
GLAA,CC(C)C[C@H](NC(=O)CN)C(=O)N[C@@H](C)C(=O)N[C@@H](C)C(=O)O,DCM,C(Cl)Cl,18.3,11.8
GLAA,CC(C)C[C@H](NC(=O)CN)C(=O)N[C@@H](C)C(=O)N[C@@H](C)C(=O)O,DCE,C(CCl)Cl,3.4,2.8
GGGP,NCC(=O)NCC(=O)NCC(=O)N1CCC[C@H]1C(=O)O,MeCN,CC#N,32.5,1
GGGP,NCC(=O)NCC(=O)NCC(=O)N1CCC[C@H]1C(=O)O,MeOH,CO,0,0
GGGP,NCC(=O)NCC(=O)NCC(=O)N1CCC[C@H]1C(=O)O,iPrOH,CC(C)O,20.8,1.1
GGGP,NCC(=O)NCC(=O)NCC(=O)N1CCC[C@H]1C(=O)O,DCM,C(Cl)Cl,-32.2,7.6
GGGP,NCC(=O)NCC(=O)NCC(=O)N1CCC[C@H]1C(=O)O,DCE,C(CCl)Cl,50.8,1.3
GPPV,CC(C)[C@H](NC(=O)[C@@H]1CCCN1C(=O)[C@@H]1CCCN1C(=O)CN)C(=O)O,MeCN,CC#N,18.5,0.3
GPPV,CC(C)[C@H](NC(=O)[C@@H]1CCCN1C(=O)[C@@H]1CCCN1C(=O)CN)C(=O)O,MeOH,CO,0,0
GPPV,CC(C)[C@H](NC(=O)[C@@H]1CCCN1C(=O)[C@@H]1CCCN1C(=O)CN)C(=O)O,iPrOH,CC(C)O,24,1.6
GPPV,CC(C)[C@H](NC(=O)[C@@H]1CCCN1C(=O)[C@@H]1CCCN1C(=O)CN)C(=O)O,DCM,C(Cl)Cl,32,2.2
GPPV,CC(C)[C@H](NC(=O)[C@@H]1CCCN1C(=O)[C@@H]1CCCN1C(=O)CN)C(=O)O,DCE,C(CCl)Cl,22.7,1.8
GVGA,CC(C)[C@H](NC(=O)CN)C(=O)NCC(=O)N[C@@H](C)C(=O)O,MeCN,CC#N,0,0
GVGA,CC(C)[C@H](NC(=O)CN)C(=O)NCC(=O)N[C@@H](C)C(=O)O,MeOH,CO,0,0
GVGA,CC(C)[C@H](NC(=O)CN)C(=O)NCC(=O)N[C@@H](C)C(=O)O,iPrOH,CC(C)O,0,0
GVGA,CC(C)[C@H](NC(=O)CN)C(=O)NCC(=O)N[C@@H](C)C(=O)O,DCM,C(Cl)Cl,0,0
GVGA,CC(C)[C@H](NC(=O)CN)C(=O)NCC(=O)N[C@@H](C)C(=O)O,DCE,C(CCl)Cl,0,0
APGG,C[C@H](N)C(=O)N1CCC[C@H]1C(=O)NCC(=O)NCC(=O)O,MeCN,CC#N,53.2,26.1
APGG,C[C@H](N)C(=O)N1CCC[C@H]1C(=O)NCC(=O)NCC(=O)O,MeOH,CO,8.5,1.1
APGG,C[C@H](N)C(=O)N1CCC[C@H]1C(=O)NCC(=O)NCC(=O)O,iPrOH,CC(C)O,11,16.9
APGG,C[C@H](N)C(=O)N1CCC[C@H]1C(=O)NCC(=O)NCC(=O)O,DCM,C(Cl)Cl,36.6,28.5
APGG,C[C@H](N)C(=O)N1CCC[C@H]1C(=O)NCC(=O)NCC(=O)O,DCE,C(CCl)Cl,29.7,18.9
GLGG,CC(C)C[C@H](NC(=O)CN)C(=O)NCC(=O)NCC(=O)O,MeCN,CC#N,0,2.3
GLGG,CC(C)C[C@H](NC(=O)CN)C(=O)NCC(=O)NCC(=O)O,MeOH,CO,0,0
GLGG,CC(C)C[C@H](NC(=O)CN)C(=O)NCC(=O)NCC(=O)O,iPrOH,CC(C)O,9.9,2.2
GLGG,CC(C)C[C@H](NC(=O)CN)C(=O)NCC(=O)NCC(=O)O,DCM,C(Cl)Cl,0,1.6
GLGG,CC(C)C[C@H](NC(=O)CN)C(=O)NCC(=O)NCC(=O)O,DCE,C(CCl)Cl,0,2.8
PPLV,CC(C)C[C@H](NC(=O)[C@@H]1CCCN1C(=O)[C@@H]1CCCN1)C(=O)N[C@H](C(=O)O)C(C)C,MeCN,CC#N,60,63.6
PPLV,CC(C)C[C@H](NC(=O)[C@@H]1CCCN1C(=O)[C@@H]1CCCN1)C(=O)N[C@H](C(=O)O)C(C)C,MeOH,CO,24.1,20.1
PPLV,CC(C)C[C@H](NC(=O)[C@@H]1CCCN1C(=O)[C@@H]1CCCN1)C(=O)N[C@H](C(=O)O)C(C)C,iPrOH,CC(C)O,44.4,37.8
PPLV,CC(C)C[C@H](NC(=O)[C@@H]1CCCN1C(=O)[C@@H]1CCCN1)C(=O)N[C@H](C(=O)O)C(C)C,DCM,C(Cl)Cl,61.1,78.2
PPLV,CC(C)C[C@H](NC(=O)[C@@H]1CCCN1C(=O)[C@@H]1CCCN1)C(=O)N[C@H](C(=O)O)C(C)C,DCE,C(CCl)Cl,81.3,44.8
APGP,C[C@H](N)C(=O)N1CCC[C@H]1C(=O)NCC(=O)N1CCC[C@H]1C(=O)O,MeCN,CC#N,38.9,28.3
APGP,C[C@H](N)C(=O)N1CCC[C@H]1C(=O)NCC(=O)N1CCC[C@H]1C(=O)O,MeOH,CO,8.8,1
APGP,C[C@H](N)C(=O)N1CCC[C@H]1C(=O)NCC(=O)N1CCC[C@H]1C(=O)O,iPrOH,CC(C)O,5.9,17
APGP,C[C@H](N)C(=O)N1CCC[C@H]1C(=O)NCC(=O)N1CCC[C@H]1C(=O)O,DCM,C(Cl)Cl,54.5,47.6
APGP,C[C@H](N)C(=O)N1CCC[C@H]1C(=O)NCC(=O)N1CCC[C@H]1C(=O)O,DCE,C(CCl)Cl,33.4,51.6
LVGP,CC(C)C[C@H](N)C(=O)N[C@H](C(=O)NCC(=O)N1CCC[C@H]1C(=O)O)C(C)C,MeCN,CC#N,61.7,8.9
LVGP,CC(C)C[C@H](N)C(=O)N[C@H](C(=O)NCC(=O)N1CCC[C@H]1C(=O)O)C(C)C,MeOH,CO,0,0
LVGP,CC(C)C[C@H](N)C(=O)N[C@H](C(=O)NCC(=O)N1CCC[C@H]1C(=O)O)C(C)C,iPrOH,CC(C)O,31.3,11.2
LVGP,CC(C)C[C@H](N)C(=O)N[C@H](C(=O)NCC(=O)N1CCC[C@H]1C(=O)O)C(C)C,DCM,C(Cl)Cl,27.8,16.4
LVGP,CC(C)C[C@H](N)C(=O)N[C@H](C(=O)NCC(=O)N1CCC[C@H]1C(=O)O)C(C)C,DCE,C(CCl)Cl,36.3,19
PAAP,C[C@H](NC(=O)[C@@H]1CCCN1)C(=O)N[C@@H](C)C(=O)N1CCC[C@H]1C(=O)O,MeCN,CC#N,63.5,23.5
PAAP,C[C@H](NC(=O)[C@@H]1CCCN1)C(=O)N[C@@H](C)C(=O)N1CCC[C@H]1C(=O)O,MeOH,CO,60.3,14
PAAP,C[C@H](NC(=O)[C@@H]1CCCN1)C(=O)N[C@@H](C)C(=O)N1CCC[C@H]1C(=O)O,iPrOH,CC(C)O,60.7,41.4
PAAP,C[C@H](NC(=O)[C@@H]1CCCN1)C(=O)N[C@@H](C)C(=O)N1CCC[C@H]1C(=O)O,DCM,C(Cl)Cl,75,7
PAAP,C[C@H](NC(=O)[C@@H]1CCCN1)C(=O)N[C@@H](C)C(=O)N1CCC[C@H]1C(=O)O,DCE,C(CCl)Cl,70.3,10.2
LGLP,CC(C)C[C@H](NC(=O)CNC(=O)[C@@H](N)CC(C)C)C(=O)N1CCC[C@H]1C(=O)O,MeCN,CC#N,72,80.4
LGLP,CC(C)C[C@H](NC(=O)CNC(=O)[C@@H](N)CC(C)C)C(=O)N1CCC[C@H]1C(=O)O,MeOH,CO,67.8,0
LGLP,CC(C)C[C@H](NC(=O)CNC(=O)[C@@H](N)CC(C)C)C(=O)N1CCC[C@H]1C(=O)O,iPrOH,CC(C)O,62.8,16.4
LGLP,CC(C)C[C@H](NC(=O)CNC(=O)[C@@H](N)CC(C)C)C(=O)N1CCC[C@H]1C(=O)O,DCM,C(Cl)Cl,77,26.6
LGLP,CC(C)C[C@H](NC(=O)CNC(=O)[C@@H](N)CC(C)C)C(=O)N1CCC[C@H]1C(=O)O,DCE,C(CCl)Cl,75.3,23.7
AGVL,CC(C)C[C@H](NC(=O)[C@@H](NC(=O)CNC(=O)[C@H](C)N)C(C)C)C(=O)O,MeCN,CC#N,46.8,57.1
AGVL,CC(C)C[C@H](NC(=O)[C@@H](NC(=O)CNC(=O)[C@H](C)N)C(C)C)C(=O)O,MeOH,CO,35.2,31.1
AGVL,CC(C)C[C@H](NC(=O)[C@@H](NC(=O)CNC(=O)[C@H](C)N)C(C)C)C(=O)O,iPrOH,CC(C)O,32.9,19.9
AGVL,CC(C)C[C@H](NC(=O)[C@@H](NC(=O)CNC(=O)[C@H](C)N)C(C)C)C(=O)O,DCM,C(Cl)Cl,0,0
AGVL,CC(C)C[C@H](NC(=O)[C@@H](NC(=O)CNC(=O)[C@H](C)N)C(C)C)C(=O)O,DCE,C(CCl)Cl,42.7,4
LLVA,CC(C)C[C@H](NC(=O)[C@@H](N)CC(C)C)C(=O)N[C@H](C(=O)N[C@@H](C)C(=O)O)C(C)C,MeCN,CC#N,62,2.3
LLVA,CC(C)C[C@H](NC(=O)[C@@H](N)CC(C)C)C(=O)N[C@H](C(=O)N[C@@H](C)C(=O)O)C(C)C,MeOH,CO,0,0
LLVA,CC(C)C[C@H](NC(=O)[C@@H](N)CC(C)C)C(=O)N[C@H](C(=O)N[C@@H](C)C(=O)O)C(C)C,iPrOH,CC(C)O,51.6,9.8
LLVA,CC(C)C[C@H](NC(=O)[C@@H](N)CC(C)C)C(=O)N[C@H](C(=O)N[C@@H](C)C(=O)O)C(C)C,DCM,C(Cl)Cl,67.4,66
LLVA,CC(C)C[C@H](NC(=O)[C@@H](N)CC(C)C)C(=O)N[C@H](C(=O)N[C@@H](C)C(=O)O)C(C)C,DCE,C(CCl)Cl,67.4,25
VGLG,CC(C)C[C@H](NC(=O)CNC(=O)[C@@H](N)C(C)C)C(=O)NCC(=O)O,MeCN,CC#N,83.2,84.1
VGLG,CC(C)C[C@H](NC(=O)CNC(=O)[C@@H](N)C(C)C)C(=O)NCC(=O)O,MeOH,CO,57.5,1.2
VGLG,CC(C)C[C@H](NC(=O)CNC(=O)[C@@H](N)C(C)C)C(=O)NCC(=O)O,iPrOH,CC(C)O,83.3,67.9
VGLG,CC(C)C[C@H](NC(=O)CNC(=O)[C@@H](N)C(C)C)C(=O)NCC(=O)O,DCM,C(Cl)Cl,84.5,81.1
VGLG,CC(C)C[C@H](NC(=O)CNC(=O)[C@@H](N)C(C)C)C(=O)NCC(=O)O,DCE,C(CCl)Cl,84.6,57.8
GLGP,CC(C)C[C@H](NC(=O)CN)C(=O)NCC(=O)N1CCC[C@H]1C(=O)O,MeCN,CC#N,59.2,1.2
GLGP,CC(C)C[C@H](NC(=O)CN)C(=O)NCC(=O)N1CCC[C@H]1C(=O)O,MeOH,CO,0,0
GLGP,CC(C)C[C@H](NC(=O)CN)C(=O)NCC(=O)N1CCC[C@H]1C(=O)O,iPrOH,CC(C)O,-18.9,0.7
GLGP,CC(C)C[C@H](NC(=O)CN)C(=O)NCC(=O)N1CCC[C@H]1C(=O)O,DCM,C(Cl)Cl,32.5,1.9
GLGP,CC(C)C[C@H](NC(=O)CN)C(=O)NCC(=O)N1CCC[C@H]1C(=O)O,DCE,C(CCl)Cl,19.7,1.7
GVLG,CC(C)C[C@H](NC(=O)[C@@H](NC(=O)CN)C(C)C)C(=O)NCC(=O)O,MeCN,CC#N,0,0
GVLG,CC(C)C[C@H](NC(=O)[C@@H](NC(=O)CN)C(C)C)C(=O)NCC(=O)O,MeOH,CO,0,0
GVLG,CC(C)C[C@H](NC(=O)[C@@H](NC(=O)CN)C(C)C)C(=O)NCC(=O)O,iPrOH,CC(C)O,0,0
GVLG,CC(C)C[C@H](NC(=O)[C@@H](NC(=O)CN)C(C)C)C(=O)NCC(=O)O,DCM,C(Cl)Cl,0,0
GVLG,CC(C)C[C@H](NC(=O)[C@@H](NC(=O)CN)C(C)C)C(=O)NCC(=O)O,DCE,C(CCl)Cl,0,0
PPVL,CC(C)C[C@H](NC(=O)[C@@H](NC(=O)[C@@H]1CCCN1C(=O)[C@@H]1CCCN1)C(C)C)C(=O)O,MeCN,CC#N,66.3,17.7
PPVL,CC(C)C[C@H](NC(=O)[C@@H](NC(=O)[C@@H]1CCCN1C(=O)[C@@H]1CCCN1)C(C)C)C(=O)O,MeOH,CO,21.7,13.6
PPVL,CC(C)C[C@H](NC(=O)[C@@H](NC(=O)[C@@H]1CCCN1C(=O)[C@@H]1CCCN1)C(C)C)C(=O)O,iPrOH,CC(C)O,45.3,40.5
PPVL,CC(C)C[C@H](NC(=O)[C@@H](NC(=O)[C@@H]1CCCN1C(=O)[C@@H]1CCCN1)C(C)C)C(=O)O,DCM,C(Cl)Cl,22.5,69.2
PPVL,CC(C)C[C@H](NC(=O)[C@@H](NC(=O)[C@@H]1CCCN1C(=O)[C@@H]1CCCN1)C(C)C)C(=O)O,DCE,C(CCl)Cl,71.4,60.2
GAPV,CC(C)[C@H](NC(=O)[C@@H]1CCCN1C(=O)[C@H](C)NC(=O)CN)C(=O)O,MeCN,CC#N,25,2.7
GAPV,CC(C)[C@H](NC(=O)[C@@H]1CCCN1C(=O)[C@H](C)NC(=O)CN)C(=O)O,MeOH,CO,-17,0.3
GAPV,CC(C)[C@H](NC(=O)[C@@H]1CCCN1C(=O)[C@H](C)NC(=O)CN)C(=O)O,iPrOH,CC(C)O,-13.3,2.7
GAPV,CC(C)[C@H](NC(=O)[C@@H]1CCCN1C(=O)[C@H](C)NC(=O)CN)C(=O)O,DCM,C(Cl)Cl,51,13.2
GAPV,CC(C)[C@H](NC(=O)[C@@H]1CCCN1C(=O)[C@H](C)NC(=O)CN)C(=O)O,DCE,C(CCl)Cl,12.4,6.5
PALV,CC(C)C[C@H](NC(=O)[C@H](C)NC(=O)[C@@H]1CCCN1)C(=O)N[C@H](C(=O)O)C(C)C,MeCN,CC#N,89.3,0
PALV,CC(C)C[C@H](NC(=O)[C@H](C)NC(=O)[C@@H]1CCCN1)C(=O)N[C@H](C(=O)O)C(C)C,MeOH,CO,56.3,7.4
PALV,CC(C)C[C@H](NC(=O)[C@H](C)NC(=O)[C@@H]1CCCN1)C(=O)N[C@H](C(=O)O)C(C)C,iPrOH,CC(C)O,77.3,17.1
PALV,CC(C)C[C@H](NC(=O)[C@H](C)NC(=O)[C@@H]1CCCN1)C(=O)N[C@H](C(=O)O)C(C)C,DCM,C(Cl)Cl,77,9.9
PALV,CC(C)C[C@H](NC(=O)[C@H](C)NC(=O)[C@@H]1CCCN1)C(=O)N[C@H](C(=O)O)C(C)C,DCE,C(CCl)Cl,78.2,1.6
GLLL,CC(C)C[C@H](NC(=O)[C@H](CC(C)C)NC(=O)[C@H](CC(C)C)NC(=O)CN)C(=O)O,MeCN,CC#N,18.9,0
GLLL,CC(C)C[C@H](NC(=O)[C@H](CC(C)C)NC(=O)[C@H](CC(C)C)NC(=O)CN)C(=O)O,MeOH,CO,46.3,0
GLLL,CC(C)C[C@H](NC(=O)[C@H](CC(C)C)NC(=O)[C@H](CC(C)C)NC(=O)CN)C(=O)O,iPrOH,CC(C)O,29,0
GLLL,CC(C)C[C@H](NC(=O)[C@H](CC(C)C)NC(=O)[C@H](CC(C)C)NC(=O)CN)C(=O)O,DCM,C(Cl)Cl,38.6,3.7
GLLL,CC(C)C[C@H](NC(=O)[C@H](CC(C)C)NC(=O)[C@H](CC(C)C)NC(=O)CN)C(=O)O,DCE,C(CCl)Cl,9.3,3.6
PGPV,CC(C)[C@H](NC(=O)[C@@H]1CCCN1C(=O)CNC(=O)[C@@H]1CCCN1)C(=O)O,MeCN,CC#N,47.9,73.2
PGPV,CC(C)[C@H](NC(=O)[C@@H]1CCCN1C(=O)CNC(=O)[C@@H]1CCCN1)C(=O)O,MeOH,CO,0.1,5.1
PGPV,CC(C)[C@H](NC(=O)[C@@H]1CCCN1C(=O)CNC(=O)[C@@H]1CCCN1)C(=O)O,iPrOH,CC(C)O,6,12.4
PGPV,CC(C)[C@H](NC(=O)[C@@H]1CCCN1C(=O)CNC(=O)[C@@H]1CCCN1)C(=O)O,DCM,C(Cl)Cl,63.2,77.7
PGPV,CC(C)[C@H](NC(=O)[C@@H]1CCCN1C(=O)CNC(=O)[C@@H]1CCCN1)C(=O)O,DCE,C(CCl)Cl,67.4,33.3
PPPG,O=C(O)CNC(=O)[C@@H]1CCCN1C(=O)[C@@H]1CCCN1C(=O)[C@@H]1CCCN1,MeCN,CC#N,76,8.6
PPPG,O=C(O)CNC(=O)[C@@H]1CCCN1C(=O)[C@@H]1CCCN1C(=O)[C@@H]1CCCN1,MeOH,CO,18.2,7.5
PPPG,O=C(O)CNC(=O)[C@@H]1CCCN1C(=O)[C@@H]1CCCN1C(=O)[C@@H]1CCCN1,iPrOH,CC(C)O,50.5,19.1
PPPG,O=C(O)CNC(=O)[C@@H]1CCCN1C(=O)[C@@H]1CCCN1C(=O)[C@@H]1CCCN1,DCM,C(Cl)Cl,82,38.4
PPPG,O=C(O)CNC(=O)[C@@H]1CCCN1C(=O)[C@@H]1CCCN1C(=O)[C@@H]1CCCN1,DCE,C(CCl)Cl,39.8,14.2
PLAL,CC(C)C[C@H](NC(=O)[C@H](C)NC(=O)[C@H](CC(C)C)NC(=O)[C@@H]1CCCN1)C(=O)O,MeCN,CC#N,81.9,60.1
PLAL,CC(C)C[C@H](NC(=O)[C@H](C)NC(=O)[C@H](CC(C)C)NC(=O)[C@@H]1CCCN1)C(=O)O,MeOH,CO,62.2,1.3
PLAL,CC(C)C[C@H](NC(=O)[C@H](C)NC(=O)[C@H](CC(C)C)NC(=O)[C@@H]1CCCN1)C(=O)O,iPrOH,CC(C)O,82.6,57.7
PLAL,CC(C)C[C@H](NC(=O)[C@H](C)NC(=O)[C@H](CC(C)C)NC(=O)[C@@H]1CCCN1)C(=O)O,DCM,C(Cl)Cl,84.4,72.1
PLAL,CC(C)C[C@H](NC(=O)[C@H](C)NC(=O)[C@H](CC(C)C)NC(=O)[C@@H]1CCCN1)C(=O)O,DCE,C(CCl)Cl,84.5,55.1
VAPL,CC(C)C[C@H](NC(=O)[C@@H]1CCCN1C(=O)[C@H](C)NC(=O)[C@@H](N)C(C)C)C(=O)O,MeCN,CC#N,59.4,89.3
VAPL,CC(C)C[C@H](NC(=O)[C@@H]1CCCN1C(=O)[C@H](C)NC(=O)[C@@H](N)C(C)C)C(=O)O,MeOH,CO,3.2,8.6
VAPL,CC(C)C[C@H](NC(=O)[C@@H]1CCCN1C(=O)[C@H](C)NC(=O)[C@@H](N)C(C)C)C(=O)O,iPrOH,CC(C)O,24.5,69.4
VAPL,CC(C)C[C@H](NC(=O)[C@@H]1CCCN1C(=O)[C@H](C)NC(=O)[C@@H](N)C(C)C)C(=O)O,DCM,C(Cl)Cl,60.9,90.1
VAPL,CC(C)C[C@H](NC(=O)[C@@H]1CCCN1C(=O)[C@H](C)NC(=O)[C@@H](N)C(C)C)C(=O)O,DCE,C(CCl)Cl,59.3,84.7
LLVG,CC(C)C[C@H](NC(=O)[C@@H](N)CC(C)C)C(=O)N[C@H](C(=O)NCC(=O)O)C(C)C,MeCN,CC#N,61.6,67.6
LLVG,CC(C)C[C@H](NC(=O)[C@@H](N)CC(C)C)C(=O)N[C@H](C(=O)NCC(=O)O)C(C)C,MeOH,CO,40.3,1.6
LLVG,CC(C)C[C@H](NC(=O)[C@@H](N)CC(C)C)C(=O)N[C@H](C(=O)NCC(=O)O)C(C)C,iPrOH,CC(C)O,51.6,37
LLVG,CC(C)C[C@H](NC(=O)[C@@H](N)CC(C)C)C(=O)N[C@H](C(=O)NCC(=O)O)C(C)C,DCM,C(Cl)Cl,64.9,82
LLVG,CC(C)C[C@H](NC(=O)[C@@H](N)CC(C)C)C(=O)N[C@H](C(=O)NCC(=O)O)C(C)C,DCE,C(CCl)Cl,64.1,67.6
LVLA,CC(C)C[C@H](NC(=O)[C@@H](NC(=O)[C@@H](N)CC(C)C)C(C)C)C(=O)N[C@@H](C)C(=O)O,MeCN,CC#N,67.1,3.1
LVLA,CC(C)C[C@H](NC(=O)[C@@H](NC(=O)[C@@H](N)CC(C)C)C(C)C)C(=O)N[C@@H](C)C(=O)O,MeOH,CO,76.3,0
LVLA,CC(C)C[C@H](NC(=O)[C@@H](NC(=O)[C@@H](N)CC(C)C)C(C)C)C(=O)N[C@@H](C)C(=O)O,iPrOH,CC(C)O,11.15,1.9
LVLA,CC(C)C[C@H](NC(=O)[C@@H](NC(=O)[C@@H](N)CC(C)C)C(C)C)C(=O)N[C@@H](C)C(=O)O,DCM,C(Cl)Cl,0,0
LVLA,CC(C)C[C@H](NC(=O)[C@@H](NC(=O)[C@@H](N)CC(C)C)C(C)C)C(=O)N[C@@H](C)C(=O)O,DCE,C(CCl)Cl,89.5,1
VPGL,CC(C)C[C@H](NC(=O)CNC(=O)[C@@H]1CCCN1C(=O)[C@@H](N)C(C)C)C(=O)O,MeCN,CC#N,45.1,86.1
VPGL,CC(C)C[C@H](NC(=O)CNC(=O)[C@@H]1CCCN1C(=O)[C@@H](N)C(C)C)C(=O)O,MeOH,CO,17.5,8.8
VPGL,CC(C)C[C@H](NC(=O)CNC(=O)[C@@H]1CCCN1C(=O)[C@@H](N)C(C)C)C(=O)O,iPrOH,CC(C)O,33.4,62.1
VPGL,CC(C)C[C@H](NC(=O)CNC(=O)[C@@H]1CCCN1C(=O)[C@@H](N)C(C)C)C(=O)O,DCM,C(Cl)Cl,64.1,61.3
VPGL,CC(C)C[C@H](NC(=O)CNC(=O)[C@@H]1CCCN1C(=O)[C@@H](N)C(C)C)C(=O)O,DCE,C(CCl)Cl,59.1,82.6
PLVP,CC(C)C[C@H](NC(=O)[C@@H]1CCCN1)C(=O)N[C@H](C(=O)N1CCC[C@H]1C(=O)O)C(C)C,MeCN,CC#N,39.5,17.8
PLVP,CC(C)C[C@H](NC(=O)[C@@H]1CCCN1)C(=O)N[C@H](C(=O)N1CCC[C@H]1C(=O)O)C(C)C,MeOH,CO,37.3,15.6
PLVP,CC(C)C[C@H](NC(=O)[C@@H]1CCCN1)C(=O)N[C@H](C(=O)N1CCC[C@H]1C(=O)O)C(C)C,iPrOH,CC(C)O,63.2,23.9
PLVP,CC(C)C[C@H](NC(=O)[C@@H]1CCCN1)C(=O)N[C@H](C(=O)N1CCC[C@H]1C(=O)O)C(C)C,DCM,C(Cl)Cl,49.3,87.9
PLVP,CC(C)C[C@H](NC(=O)[C@@H]1CCCN1)C(=O)N[C@H](C(=O)N1CCC[C@H]1C(=O)O)C(C)C,DCE,C(CCl)Cl,58.4,80.4
PAVL,CC(C)C[C@H](NC(=O)[C@@H](NC(=O)[C@H](C)NC(=O)[C@@H]1CCCN1)C(C)C)C(=O)O,MeCN,CC#N,28,17.6
PAVL,CC(C)C[C@H](NC(=O)[C@@H](NC(=O)[C@H](C)NC(=O)[C@@H]1CCCN1)C(C)C)C(=O)O,MeOH,CO,52.2,15.8
PAVL,CC(C)C[C@H](NC(=O)[C@@H](NC(=O)[C@H](C)NC(=O)[C@@H]1CCCN1)C(C)C)C(=O)O,iPrOH,CC(C)O,69.8,23
PAVL,CC(C)C[C@H](NC(=O)[C@@H](NC(=O)[C@H](C)NC(=O)[C@@H]1CCCN1)C(C)C)C(=O)O,DCM,C(Cl)Cl,72.9,8
PAVL,CC(C)C[C@H](NC(=O)[C@@H](NC(=O)[C@H](C)NC(=O)[C@@H]1CCCN1)C(C)C)C(=O)O,DCE,C(CCl)Cl,74.5,21
VPAL,CC(C)C[C@H](NC(=O)[C@H](C)NC(=O)[C@@H]1CCCN1C(=O)[C@@H](N)C(C)C)C(=O)O,MeCN,CC#N,42.5,80.3
VPAL,CC(C)C[C@H](NC(=O)[C@H](C)NC(=O)[C@@H]1CCCN1C(=O)[C@@H](N)C(C)C)C(=O)O,MeOH,CO,22.8,6.8
VPAL,CC(C)C[C@H](NC(=O)[C@H](C)NC(=O)[C@@H]1CCCN1C(=O)[C@@H](N)C(C)C)C(=O)O,iPrOH,CC(C)O,40.6,23.6
VPAL,CC(C)C[C@H](NC(=O)[C@H](C)NC(=O)[C@@H]1CCCN1C(=O)[C@@H](N)C(C)C)C(=O)O,DCM,C(Cl)Cl,68.3,50.6
VPAL,CC(C)C[C@H](NC(=O)[C@H](C)NC(=O)[C@@H]1CCCN1C(=O)[C@@H](N)C(C)C)C(=O)O,DCE,C(CCl)Cl,57.9,80.3
PpLV,CC(C)C[C@H](NC(=O)CNC(=O)[C@H]1CCCN1C(=O)[C@@H](N)CC(C)C)C(=O)O,MeCN,CC#N,76.9,81.4
PpLV,CC(C)C[C@H](NC(=O)CNC(=O)[C@H]1CCCN1C(=O)[C@@H](N)CC(C)C)C(=O)O,MeOH,CO,16.6,11
PpLV,CC(C)C[C@H](NC(=O)CNC(=O)[C@H]1CCCN1C(=O)[C@@H](N)CC(C)C)C(=O)O,iPrOH,CC(C)O,56.2,51.2
PpLV,CC(C)C[C@H](NC(=O)CNC(=O)[C@H]1CCCN1C(=O)[C@@H](N)CC(C)C)C(=O)O,DCM,C(Cl)Cl,68.7,62.6
PpLV,CC(C)C[C@H](NC(=O)CNC(=O)[C@H]1CCCN1C(=O)[C@@H](N)CC(C)C)C(=O)O,DCE,C(CCl)Cl,77.2,26.6
LApV,CC(C)C[C@H](N)C(=O)N[C@@H](C)C(=O)N1CCC[C@@H]1C(=O)N[C@H](C(=O)O)C(C)C,MeCN,CC#N,20.7,48.8
LApV,CC(C)C[C@H](N)C(=O)N[C@@H](C)C(=O)N1CCC[C@@H]1C(=O)N[C@H](C(=O)O)C(C)C,MeOH,CO,-47.6,1.5
LApV,CC(C)C[C@H](N)C(=O)N[C@@H](C)C(=O)N1CCC[C@@H]1C(=O)N[C@H](C(=O)O)C(C)C,iPrOH,CC(C)O,-20.1,46.3
LApV,CC(C)C[C@H](N)C(=O)N[C@@H](C)C(=O)N1CCC[C@@H]1C(=O)N[C@H](C(=O)O)C(C)C,DCM,C(Cl)Cl,11,57.6
LApV,CC(C)C[C@H](N)C(=O)N[C@@H](C)C(=O)N1CCC[C@@H]1C(=O)N[C@H](C(=O)O)C(C)C,DCE,C(CCl)Cl,3.8,74.6
VpGL,CC(C[C@@H](C(O)=O)NC(CNC([C@H]1CCCN1C([C@H](C(C)C)N)=O)=O)=O)C,MeCN,CC#N,97.5,94.4
VpGL,CC(C[C@@H](C(O)=O)NC(CNC([C@H]1CCCN1C([C@H](C(C)C)N)=O)=O)=O)C,MeOH,CO,97,58.9
VpGL,CC(C[C@@H](C(O)=O)NC(CNC([C@H]1CCCN1C([C@H](C(C)C)N)=O)=O)=O)C,iPrOH,CC(C)O,83.4,63.8
VpGL,CC(C[C@@H](C(O)=O)NC(CNC([C@H]1CCCN1C([C@H](C(C)C)N)=O)=O)=O)C,DCM,C(Cl)Cl,75,9.9
VpGL,CC(C[C@@H](C(O)=O)NC(CNC([C@H]1CCCN1C([C@H](C(C)C)N)=O)=O)=O)C,DCE,C(CCl)Cl,98.2,80
pLAL,CC(C)C[C@H](NC(=O)[C@H](C)NC(=O)[C@H](CC(C)C)NC(=O)[C@H]1CCCN1)C(=O)O,MeCN,CC#N,-20.7,6.4
pLAL,CC(C)C[C@H](NC(=O)[C@H](C)NC(=O)[C@H](CC(C)C)NC(=O)[C@H]1CCCN1)C(=O)O,MeOH,CO,-28.3,3
pLAL,CC(C)C[C@H](NC(=O)[C@H](C)NC(=O)[C@H](CC(C)C)NC(=O)[C@H]1CCCN1)C(=O)O,iPrOH,CC(C)O,-36.3,7.5
pLAL,CC(C)C[C@H](NC(=O)[C@H](C)NC(=O)[C@H](CC(C)C)NC(=O)[C@H]1CCCN1)C(=O)O,DCM,C(Cl)Cl,-12.1,7.3
pLAL,CC(C)C[C@H](NC(=O)[C@H](C)NC(=O)[C@H](CC(C)C)NC(=O)[C@H]1CCCN1)C(=O)O,DCE,C(CCl)Cl,10.26,24.6
