Peptide,Solvent,ee,yields,yields_lable
GPLL,MeCN,58.1,18.2,low
GPLL,MeOH,64.2,10,low
GPLL,iPrOH,37.2,19.9,low
GPLL,DCM,39.7,8.1,low
GPLL,DCE,62.7,3,low
GGLG,MeCN,15.9,1.4,low
GGLG,MeOH,0,0,low
GGLG,iPrOH,26.9,1.1,low
GGLG,DCM,28.2,7,low
GGLG,DCE,37.5,3.6,low
GLAA,MeCN,9.8,0,low
GLAA,MeOH,0,0,low
GLAA,iPrOH,15.4,0,low
GLAA,DCM,18.3,11.8,low
GLAA,DCE,3.4,2.8,low
GGGP,MeCN,32.5,1,low
GGGP,MeOH,0,0,low
GGGP,iPrOH,20.8,1.1,low
GGGP,DCM,-32.2,7.6,low
GGGP,DCE,50.8,1.3,low
GPPV,MeCN,18.5,0.3,low
GPPV,MeOH,0,0,low
GPPV,iPrOH,24,1.6,low
GPPV,DCM,32,2.2,low
GPPV,DCE,22.7,1.8,low
GVGA,MeCN,0,0,low
GVGA,MeOH,0,0,low
GVGA,iPrOH,0,0,low
GVGA,DCM,0,0,low
GVGA,DCE,0,0,low
APGG,MeCN,53.2,26.1,medium
APGG,MeOH,8.5,1.1,low
APGG,iPrOH,11,16.9,low
APGG,DCM,36.6,28.5,medium
APGG,DCE,29.7,18.9,low
GLGG,MeCN,0,2.3,low
GLGG,MeOH,0,0,low
GLGG,iPrOH,9.9,2.2,low
GLGG,DCM,0,1.6,low
GLGG,DCE,0,2.8,low
PPLV,MeCN,60,63.6,medium
PPLV,MeOH,24.1,20.1,medium
PPLV,iPrOH,44.4,37.8,medium
PPLV,DCM,61.1,78.2,medium
PPLV,DCE,81.3,44.8,medium
APGP,MeCN,38.9,28.3,low
APGP,MeOH,8.8,1,low
APGP,iPrOH,5.9,17,low
APGP,DCM,54.5,47.6,medium
APGP,DCE,33.4,51.6,medium
LVGP,MeCN,61.7,8.9,low
LVGP,MeOH,0,0,low
LVGP,iPrOH,31.3,11.2,low
LVGP,DCM,27.8,16.4,low
LVGP,DCE,36.3,19,low
PAAP,MeCN,63.5,23.5,medium
PAAP,MeOH,60.3,14,low
PAAP,iPrOH,60.7,41.4,medium
PAAP,DCM,75,7,low
PAAP,DCE,70.3,10.2,low
LGLP,MeCN,72,80.4,high
LGLP,MeOH,67.8,0,low
LGLP,iPrOH,62.8,16.4,low
LGLP,DCM,77,26.6,medium
LGLP,DCE,75.3,23.7,medium
AGVL,MeCN,46.8,57.1,medium
AGVL,MeOH,35.2,31.1,medium
AGVL,iPrOH,32.9,19.9,low
AGVL,DCM,0,0,low
AGVL,DCE,42.7,4,low
LLVA,MeCN,62,2.3,low
LLVA,MeOH,0,0,low
LLVA,iPrOH,51.6,9.8,low
LLVA,DCM,67.4,66,medium
LLVA,DCE,67.4,25,medium
VGLG,MeCN,83.2,84.1,high
VGLG,MeOH,57.5,1.2,low
VGLG,iPrOH,83.3,67.9,high
VGLG,DCM,84.5,81.1,high
VGLG,DCE,84.6,57.8,medium
GLGP,MeCN,59.2,1.2,low
GLGP,MeOH,0,0,low
GLGP,iPrOH,-18.9,0.7,low
GLGP,DCM,32.5,1.9,low
GLGP,DCE,19.7,1.7,low
GVLG,MeCN,0,0,low
GVLG,MeOH,0,0,low
GVLG,iPrOH,0,0,low
GVLG,DCM,0,0,low
GVLG,DCE,0,0,low
PPVL,MeCN,66.3,17.7,low
PPVL,MeOH,21.7,13.6,low
PPVL,iPrOH,45.3,40.5,medium
PPVL,DCM,22.5,69.2,medium
PPVL,DCE,71.4,60.2,medium
GAPV,MeCN,25,2.7,low
GAPV,MeOH,-17,0.3,low
GAPV,iPrOH,-13.3,2.7,low
GAPV,DCM,51,13.2,low
GAPV,DCE,12.4,6.5,low
PALV,MeCN,89.3,0,low
PALV,MeOH,56.3,7.4,low
PALV,iPrOH,77.3,17.1,low
PALV,DCM,77,9.9,low
PALV,DCE,78.2,1.6,low
GLLL,MeCN,18.9,0,low
GLLL,MeOH,46.3,0,low
GLLL,iPrOH,29,0,low
GLLL,DCM,38.6,3.7,low
GLLL,DCE,9.3,3.6,low
PGPV,MeCN,47.9,73.2,medium
PGPV,MeOH,0.1,5.1,low
PGPV,iPrOH,6,12.4,low
PGPV,DCM,63.2,77.7,medium
PGPV,DCE,67.4,33.3,medium
PPPG,MeCN,76,8.6,low
PPPG,MeOH,18.2,7.5,low
PPPG,iPrOH,50.5,19.1,low
PPPG,DCM,82,38.4,medium
PPPG,DCE,39.8,14.2,low
PLAL,MeCN,81.9,60.1,medium
PLAL,MeOH,62.2,1.3,low
PLAL,iPrOH,82.6,57.7,medium
PLAL,DCM,84.4,72.1,medium
PLAL,DCE,84.5,55.1,medium
VAPL,MeCN,59.4,89.3,high
VAPL,MeOH,3.2,8.6,low
VAPL,iPrOH,24.5,69.4,medium
VAPL,DCM,60.9,90.1,high
VAPL,DCE,59.3,84.7,high
LLVG,MeCN,61.6,67.6,medium
LLVG,MeOH,40.3,1.6,low
LLVG,iPrOH,51.6,37,medium
LLVG,DCM,64.9,82,high
LLVG,DCE,64.1,67.6,medium
LVLA,MeCN,67.1,3.1,low
LVLA,MeOH,76.3,0,low
LVLA,iPrOH,11.15,1.9,low
LVLA,DCM,0,0,low
LVLA,DCE,89.5,1,low
