Peptide,Solvent,ee,yields,yields_label
VPGL,MeCN,45.1,86.1,high
VPGL,MeOH,17.5,8.8,low
VPGL,iPrOH,33.4,62.1,medium
VPGL,DCM,64.1,61.3,medium
VPGL,DCE,59.1,82.6,high
VPAL,MeCN,42.5,80.3,high
VPAL,MeOH,22.8,6.8,low
VPAL,iPrOH,40.6,23.6,medium
VPAL,DCM,68.3,50.6,medium
VPAL,DCE,57.9,80.3,high
VAGL,MeCN,88.8,93.5,high
VAGL,MeOH,74.4,1.2,low
VAGL,iPrOH,65.3,75.5,high
VAGL,DCM,84.8,97.5,high
VAGL,DCE,84.7,97.1,high
PLVP,MeCN,39.5,17.8,low
PLVP,MeOH,37.3,15.6,low
PLVP,iPrOH,63.2,23.9,medium
PLVP,DCM,49.3,87.9,high
PLVP,DCE,58.4,80.4,high
PAVL,MeCN,56.3,17.6,low
PAVL,MeOH,54.4,15.8,low
PAVL,iPrOH,69.8,23,medium
PAVL,DCM,74.8,8,low
PAVL,DCE,74.5,21,medium
LPGA,MeCN,57.9,9.3,low
LPGA,MeOH,42.4,2.1,low
LPGA,iPrOH,24.3,30.2,low
LPGA,DCM,40.5,45.2,low
LPGA,DCE,41.4,48.2,low
LAPV,MeCN,18.5,13.8,low
LAPV,MeOH,-29,1.2,low
LAPV,iPrOH,-22.7,39.8,medium
LAPV,DCM,26.7,36.3,medium
LAPV,DCE,22.7,68.7,medium
VAPL,MeCN,59.4,89.3,high
VAPL,MeOH,3.2,8.6,low
VAPL,iPrOH,24.5,69.4,medium
VAPL,DCM,60.9,90.1,high
VAPL,DCE,59.3,84.7,high
AVGL,MeCN,28.2,8.2,low
AVGL,MeOH,50.2,4.5,low
AVGL,iPrOH,-25.7,11.9,low
AVGL,DCM,-0.32,2.7,low
AVGL,DCE,-15,5.4,low
LLLL,MeCN,28.7,29,medium
LLLL,DCE,55.1,24,medium
[H]N[C@@H](C(C)(C)C)C(N1CCC[C@@H]1C(NCC(N[C@@H](CC(C)C)C(O)=O)=O)=O)=O,MeCN,99,53,medium
